[
{
    "pk": 1, 
    "model": "contenttypes.contenttype", 
    "fields": {
        "model": "logentry", 
        "name": "log entry", 
        "app_label": "admin"
    }
},
{
    "pk": 2, 
    "model": "contenttypes.contenttype", 
    "fields": {
        "model": "contenttype", 
        "name": "content type", 
        "app_label": "contenttypes"
    }
},
{
    "pk": 3, 
    "model": "contenttypes.contenttype", 
    "fields": {
        "model": "group", 
        "name": "group", 
        "app_label": "auth"
    }
},
{
    "pk": 4, 
    "model": "contenttypes.contenttype", 
    "fields": {
        "model": "user", 
        "name": "user", 
        "app_label": "auth"
    }
},
{
    "pk": 5, 
    "model": "contenttypes.contenttype", 
    "fields": {
        "model": "permission", 
        "name": "permission", 
        "app_label": "auth"
    }
},
{
    "pk": 6, 
    "model": "contenttypes.contenttype", 
    "fields": {
        "model": "session", 
        "name": "session", 
        "app_label": "sessions"
    }
},
{
    "pk": 10, 
    "model": "contenttypes.contenttype", 
    "fields": {
        "model": "timingsession", 
        "name": "timing session", 
        "app_label": "common"
    }
},
{
    "pk": 11, 
    "model": "contenttypes.contenttype", 
    "fields": {
        "model": "tag", 
        "name": "tag", 
        "app_label": "common"
    }
},
{
    "pk": 12, 
    "model": "contenttypes.contenttype", 
    "fields": {
        "model": "tagtime", 
        "name": "tag time", 
        "app_label": "common"
    }
},
{
    "pk": 13, 
    "model": "contenttypes.contenttype", 
    "fields": {
        "model": "reader", 
        "name": "reader", 
        "app_label": "common"
    }
},
{
    "pk": 14, 
    "model": "contenttypes.contenttype", 
    "fields": {
        "model": "coachprofile", 
        "name": "coach profile", 
        "app_label": "users"
    }
},
{
    "pk": 15, 
    "model": "contenttypes.contenttype", 
    "fields": {
        "model": "racedirectorprofile", 
        "name": "race director profile", 
        "app_label": "users"
    }
},
{
    "pk": 16, 
    "model": "contenttypes.contenttype", 
    "fields": {
        "model": "athleteprofile", 
        "name": "athlete profile", 
        "app_label": "users"
    }
},
{
    "pk": 17, 
    "model": "contenttypes.contenttype", 
    "fields": {
        "model": "customuser", 
        "name": "custom user", 
        "app_label": "auth"
    }
},
{
    "pk": 18, 
    "model": "contenttypes.contenttype", 
    "fields": {
        "model": "extensionuser", 
        "name": "extension user", 
        "app_label": "auth"
    }
},
{
    "pk": 19, 
    "model": "contenttypes.contenttype", 
    "fields": {
        "model": "custompermissionsuser", 
        "name": "custom permissions user", 
        "app_label": "auth"
    }
},
{
    "pk": 20, 
    "model": "contenttypes.contenttype", 
    "fields": {
        "model": "isactivetestuser1", 
        "name": "is active test user1", 
        "app_label": "auth"
    }
},
{
    "pk": 21, 
    "model": "contenttypes.contenttype", 
    "fields": {
        "model": "customusernonuniqueusername", 
        "name": "custom user non unique username", 
        "app_label": "auth"
    }
},
{
    "pk": 22, 
    "model": "contenttypes.contenttype", 
    "fields": {
        "model": "customuserbadrequiredfields", 
        "name": "custom user bad required fields", 
        "app_label": "auth"
    }
},
{
    "pk": 23, 
    "model": "contenttypes.contenttype", 
    "fields": {
        "model": "client", 
        "name": "client", 
        "app_label": "oauth2"
    }
},
{
    "pk": 24, 
    "model": "contenttypes.contenttype", 
    "fields": {
        "model": "grant", 
        "name": "grant", 
        "app_label": "oauth2"
    }
},
{
    "pk": 25, 
    "model": "contenttypes.contenttype", 
    "fields": {
        "model": "accesstoken", 
        "name": "access token", 
        "app_label": "oauth2"
    }
},
{
    "pk": 26, 
    "model": "contenttypes.contenttype", 
    "fields": {
        "model": "refreshtoken", 
        "name": "refresh token", 
        "app_label": "oauth2"
    }
},
{
    "pk": 27, 
    "model": "contenttypes.contenttype", 
    "fields": {
        "model": "tag", 
        "name": "tag", 
        "app_label": "trac"
    }
},
{
    "pk": 28, 
    "model": "contenttypes.contenttype", 
    "fields": {
        "model": "reader", 
        "name": "reader", 
        "app_label": "trac"
    }
},
{
    "pk": 29, 
    "model": "contenttypes.contenttype", 
    "fields": {
        "model": "tagtime", 
        "name": "tag time", 
        "app_label": "trac"
    }
},
{
    "pk": 30, 
    "model": "contenttypes.contenttype", 
    "fields": {
        "model": "timingsession", 
        "name": "timing session", 
        "app_label": "trac"
    }
},
{
    "pk": 31, 
    "model": "contenttypes.contenttype", 
    "fields": {
        "model": "athleteprofile", 
        "name": "athlete profile", 
        "app_label": "trac"
    }
},
{
    "pk": 32, 
    "model": "contenttypes.contenttype", 
    "fields": {
        "model": "coachprofile", 
        "name": "coach profile", 
        "app_label": "trac"
    }
},
{
    "pk": 33, 
    "model": "contenttypes.contenttype", 
    "fields": {
        "model": "racedirectorprofile", 
        "name": "race director profile", 
        "app_label": "trac"
    }
},
{
    "pk": 1, 
    "model": "auth.permission", 
    "fields": {
        "codename": "add_logentry", 
        "name": "Can add log entry", 
        "content_type": 1
    }
},
{
    "pk": 2, 
    "model": "auth.permission", 
    "fields": {
        "codename": "change_logentry", 
        "name": "Can change log entry", 
        "content_type": 1
    }
},
{
    "pk": 3, 
    "model": "auth.permission", 
    "fields": {
        "codename": "delete_logentry", 
        "name": "Can delete log entry", 
        "content_type": 1
    }
},
{
    "pk": 4, 
    "model": "auth.permission", 
    "fields": {
        "codename": "add_contenttype", 
        "name": "Can add content type", 
        "content_type": 2
    }
},
{
    "pk": 5, 
    "model": "auth.permission", 
    "fields": {
        "codename": "change_contenttype", 
        "name": "Can change content type", 
        "content_type": 2
    }
},
{
    "pk": 6, 
    "model": "auth.permission", 
    "fields": {
        "codename": "delete_contenttype", 
        "name": "Can delete content type", 
        "content_type": 2
    }
},
{
    "pk": 7, 
    "model": "auth.permission", 
    "fields": {
        "codename": "add_permission", 
        "name": "Can add permission", 
        "content_type": 5
    }
},
{
    "pk": 8, 
    "model": "auth.permission", 
    "fields": {
        "codename": "change_permission", 
        "name": "Can change permission", 
        "content_type": 5
    }
},
{
    "pk": 9, 
    "model": "auth.permission", 
    "fields": {
        "codename": "delete_permission", 
        "name": "Can delete permission", 
        "content_type": 5
    }
},
{
    "pk": 10, 
    "model": "auth.permission", 
    "fields": {
        "codename": "add_group", 
        "name": "Can add group", 
        "content_type": 3
    }
},
{
    "pk": 11, 
    "model": "auth.permission", 
    "fields": {
        "codename": "change_group", 
        "name": "Can change group", 
        "content_type": 3
    }
},
{
    "pk": 12, 
    "model": "auth.permission", 
    "fields": {
        "codename": "delete_group", 
        "name": "Can delete group", 
        "content_type": 3
    }
},
{
    "pk": 13, 
    "model": "auth.permission", 
    "fields": {
        "codename": "add_user", 
        "name": "Can add user", 
        "content_type": 4
    }
},
{
    "pk": 14, 
    "model": "auth.permission", 
    "fields": {
        "codename": "change_user", 
        "name": "Can change user", 
        "content_type": 4
    }
},
{
    "pk": 15, 
    "model": "auth.permission", 
    "fields": {
        "codename": "delete_user", 
        "name": "Can delete user", 
        "content_type": 4
    }
},
{
    "pk": 16, 
    "model": "auth.permission", 
    "fields": {
        "codename": "add_session", 
        "name": "Can add session", 
        "content_type": 6
    }
},
{
    "pk": 17, 
    "model": "auth.permission", 
    "fields": {
        "codename": "change_session", 
        "name": "Can change session", 
        "content_type": 6
    }
},
{
    "pk": 18, 
    "model": "auth.permission", 
    "fields": {
        "codename": "delete_session", 
        "name": "Can delete session", 
        "content_type": 6
    }
},
{
    "pk": 28, 
    "model": "auth.permission", 
    "fields": {
        "codename": "add_tag", 
        "name": "Can add tag", 
        "content_type": 11
    }
},
{
    "pk": 29, 
    "model": "auth.permission", 
    "fields": {
        "codename": "change_tag", 
        "name": "Can change tag", 
        "content_type": 11
    }
},
{
    "pk": 30, 
    "model": "auth.permission", 
    "fields": {
        "codename": "delete_tag", 
        "name": "Can delete tag", 
        "content_type": 11
    }
},
{
    "pk": 31, 
    "model": "auth.permission", 
    "fields": {
        "codename": "add_reader", 
        "name": "Can add reader", 
        "content_type": 13
    }
},
{
    "pk": 32, 
    "model": "auth.permission", 
    "fields": {
        "codename": "change_reader", 
        "name": "Can change reader", 
        "content_type": 13
    }
},
{
    "pk": 33, 
    "model": "auth.permission", 
    "fields": {
        "codename": "delete_reader", 
        "name": "Can delete reader", 
        "content_type": 13
    }
},
{
    "pk": 34, 
    "model": "auth.permission", 
    "fields": {
        "codename": "add_timingsession", 
        "name": "Can add timing session", 
        "content_type": 10
    }
},
{
    "pk": 35, 
    "model": "auth.permission", 
    "fields": {
        "codename": "change_timingsession", 
        "name": "Can change timing session", 
        "content_type": 10
    }
},
{
    "pk": 36, 
    "model": "auth.permission", 
    "fields": {
        "codename": "delete_timingsession", 
        "name": "Can delete timing session", 
        "content_type": 10
    }
},
{
    "pk": 37, 
    "model": "auth.permission", 
    "fields": {
        "codename": "add_tagtime", 
        "name": "Can add tag time", 
        "content_type": 12
    }
},
{
    "pk": 38, 
    "model": "auth.permission", 
    "fields": {
        "codename": "change_tagtime", 
        "name": "Can change tag time", 
        "content_type": 12
    }
},
{
    "pk": 39, 
    "model": "auth.permission", 
    "fields": {
        "codename": "delete_tagtime", 
        "name": "Can delete tag time", 
        "content_type": 12
    }
},
{
    "pk": 40, 
    "model": "auth.permission", 
    "fields": {
        "codename": "add_athleteprofile", 
        "name": "Can add athlete profile", 
        "content_type": 16
    }
},
{
    "pk": 41, 
    "model": "auth.permission", 
    "fields": {
        "codename": "change_athleteprofile", 
        "name": "Can change athlete profile", 
        "content_type": 16
    }
},
{
    "pk": 42, 
    "model": "auth.permission", 
    "fields": {
        "codename": "delete_athleteprofile", 
        "name": "Can delete athlete profile", 
        "content_type": 16
    }
},
{
    "pk": 43, 
    "model": "auth.permission", 
    "fields": {
        "codename": "add_coachprofile", 
        "name": "Can add coach profile", 
        "content_type": 14
    }
},
{
    "pk": 44, 
    "model": "auth.permission", 
    "fields": {
        "codename": "change_coachprofile", 
        "name": "Can change coach profile", 
        "content_type": 14
    }
},
{
    "pk": 45, 
    "model": "auth.permission", 
    "fields": {
        "codename": "delete_coachprofile", 
        "name": "Can delete coach profile", 
        "content_type": 14
    }
},
{
    "pk": 46, 
    "model": "auth.permission", 
    "fields": {
        "codename": "add_racedirectorprofile", 
        "name": "Can add race director profile", 
        "content_type": 15
    }
},
{
    "pk": 47, 
    "model": "auth.permission", 
    "fields": {
        "codename": "change_racedirectorprofile", 
        "name": "Can change race director profile", 
        "content_type": 15
    }
},
{
    "pk": 48, 
    "model": "auth.permission", 
    "fields": {
        "codename": "delete_racedirectorprofile", 
        "name": "Can delete race director profile", 
        "content_type": 15
    }
},
{
    "pk": 49, 
    "model": "auth.permission", 
    "fields": {
        "codename": "add_customuser", 
        "name": "Can add custom user", 
        "content_type": 17
    }
},
{
    "pk": 50, 
    "model": "auth.permission", 
    "fields": {
        "codename": "change_customuser", 
        "name": "Can change custom user", 
        "content_type": 17
    }
},
{
    "pk": 51, 
    "model": "auth.permission", 
    "fields": {
        "codename": "delete_customuser", 
        "name": "Can delete custom user", 
        "content_type": 17
    }
},
{
    "pk": 52, 
    "model": "auth.permission", 
    "fields": {
        "codename": "add_extensionuser", 
        "name": "Can add extension user", 
        "content_type": 18
    }
},
{
    "pk": 53, 
    "model": "auth.permission", 
    "fields": {
        "codename": "change_extensionuser", 
        "name": "Can change extension user", 
        "content_type": 18
    }
},
{
    "pk": 54, 
    "model": "auth.permission", 
    "fields": {
        "codename": "delete_extensionuser", 
        "name": "Can delete extension user", 
        "content_type": 18
    }
},
{
    "pk": 55, 
    "model": "auth.permission", 
    "fields": {
        "codename": "add_custompermissionsuser", 
        "name": "Can add custom permissions user", 
        "content_type": 19
    }
},
{
    "pk": 56, 
    "model": "auth.permission", 
    "fields": {
        "codename": "change_custompermissionsuser", 
        "name": "Can change custom permissions user", 
        "content_type": 19
    }
},
{
    "pk": 57, 
    "model": "auth.permission", 
    "fields": {
        "codename": "delete_custompermissionsuser", 
        "name": "Can delete custom permissions user", 
        "content_type": 19
    }
},
{
    "pk": 58, 
    "model": "auth.permission", 
    "fields": {
        "codename": "add_isactivetestuser1", 
        "name": "Can add is active test user1", 
        "content_type": 20
    }
},
{
    "pk": 59, 
    "model": "auth.permission", 
    "fields": {
        "codename": "change_isactivetestuser1", 
        "name": "Can change is active test user1", 
        "content_type": 20
    }
},
{
    "pk": 60, 
    "model": "auth.permission", 
    "fields": {
        "codename": "delete_isactivetestuser1", 
        "name": "Can delete is active test user1", 
        "content_type": 20
    }
},
{
    "pk": 61, 
    "model": "auth.permission", 
    "fields": {
        "codename": "add_customusernonuniqueusername", 
        "name": "Can add custom user non unique username", 
        "content_type": 21
    }
},
{
    "pk": 62, 
    "model": "auth.permission", 
    "fields": {
        "codename": "change_customusernonuniqueusername", 
        "name": "Can change custom user non unique username", 
        "content_type": 21
    }
},
{
    "pk": 63, 
    "model": "auth.permission", 
    "fields": {
        "codename": "delete_customusernonuniqueusername", 
        "name": "Can delete custom user non unique username", 
        "content_type": 21
    }
},
{
    "pk": 64, 
    "model": "auth.permission", 
    "fields": {
        "codename": "add_customuserbadrequiredfields", 
        "name": "Can add custom user bad required fields", 
        "content_type": 22
    }
},
{
    "pk": 65, 
    "model": "auth.permission", 
    "fields": {
        "codename": "change_customuserbadrequiredfields", 
        "name": "Can change custom user bad required fields", 
        "content_type": 22
    }
},
{
    "pk": 66, 
    "model": "auth.permission", 
    "fields": {
        "codename": "delete_customuserbadrequiredfields", 
        "name": "Can delete custom user bad required fields", 
        "content_type": 22
    }
},
{
    "pk": 67, 
    "model": "auth.permission", 
    "fields": {
        "codename": "add_client", 
        "name": "Can add client", 
        "content_type": 23
    }
},
{
    "pk": 68, 
    "model": "auth.permission", 
    "fields": {
        "codename": "change_client", 
        "name": "Can change client", 
        "content_type": 23
    }
},
{
    "pk": 69, 
    "model": "auth.permission", 
    "fields": {
        "codename": "delete_client", 
        "name": "Can delete client", 
        "content_type": 23
    }
},
{
    "pk": 70, 
    "model": "auth.permission", 
    "fields": {
        "codename": "add_grant", 
        "name": "Can add grant", 
        "content_type": 24
    }
},
{
    "pk": 71, 
    "model": "auth.permission", 
    "fields": {
        "codename": "change_grant", 
        "name": "Can change grant", 
        "content_type": 24
    }
},
{
    "pk": 72, 
    "model": "auth.permission", 
    "fields": {
        "codename": "delete_grant", 
        "name": "Can delete grant", 
        "content_type": 24
    }
},
{
    "pk": 73, 
    "model": "auth.permission", 
    "fields": {
        "codename": "add_accesstoken", 
        "name": "Can add access token", 
        "content_type": 25
    }
},
{
    "pk": 74, 
    "model": "auth.permission", 
    "fields": {
        "codename": "change_accesstoken", 
        "name": "Can change access token", 
        "content_type": 25
    }
},
{
    "pk": 75, 
    "model": "auth.permission", 
    "fields": {
        "codename": "delete_accesstoken", 
        "name": "Can delete access token", 
        "content_type": 25
    }
},
{
    "pk": 76, 
    "model": "auth.permission", 
    "fields": {
        "codename": "add_refreshtoken", 
        "name": "Can add refresh token", 
        "content_type": 26
    }
},
{
    "pk": 77, 
    "model": "auth.permission", 
    "fields": {
        "codename": "change_refreshtoken", 
        "name": "Can change refresh token", 
        "content_type": 26
    }
},
{
    "pk": 78, 
    "model": "auth.permission", 
    "fields": {
        "codename": "delete_refreshtoken", 
        "name": "Can delete refresh token", 
        "content_type": 26
    }
},
{
    "pk": 79, 
    "model": "auth.permission", 
    "fields": {
        "codename": "add_tag", 
        "name": "Can add tag", 
        "content_type": 27
    }
},
{
    "pk": 80, 
    "model": "auth.permission", 
    "fields": {
        "codename": "change_tag", 
        "name": "Can change tag", 
        "content_type": 27
    }
},
{
    "pk": 81, 
    "model": "auth.permission", 
    "fields": {
        "codename": "delete_tag", 
        "name": "Can delete tag", 
        "content_type": 27
    }
},
{
    "pk": 82, 
    "model": "auth.permission", 
    "fields": {
        "codename": "add_reader", 
        "name": "Can add reader", 
        "content_type": 28
    }
},
{
    "pk": 83, 
    "model": "auth.permission", 
    "fields": {
        "codename": "change_reader", 
        "name": "Can change reader", 
        "content_type": 28
    }
},
{
    "pk": 84, 
    "model": "auth.permission", 
    "fields": {
        "codename": "delete_reader", 
        "name": "Can delete reader", 
        "content_type": 28
    }
},
{
    "pk": 85, 
    "model": "auth.permission", 
    "fields": {
        "codename": "add_tagtime", 
        "name": "Can add tag time", 
        "content_type": 29
    }
},
{
    "pk": 86, 
    "model": "auth.permission", 
    "fields": {
        "codename": "change_tagtime", 
        "name": "Can change tag time", 
        "content_type": 29
    }
},
{
    "pk": 87, 
    "model": "auth.permission", 
    "fields": {
        "codename": "delete_tagtime", 
        "name": "Can delete tag time", 
        "content_type": 29
    }
},
{
    "pk": 88, 
    "model": "auth.permission", 
    "fields": {
        "codename": "add_timingsession", 
        "name": "Can add timing session", 
        "content_type": 30
    }
},
{
    "pk": 89, 
    "model": "auth.permission", 
    "fields": {
        "codename": "change_timingsession", 
        "name": "Can change timing session", 
        "content_type": 30
    }
},
{
    "pk": 90, 
    "model": "auth.permission", 
    "fields": {
        "codename": "delete_timingsession", 
        "name": "Can delete timing session", 
        "content_type": 30
    }
},
{
    "pk": 91, 
    "model": "auth.permission", 
    "fields": {
        "codename": "add_athleteprofile", 
        "name": "Can add athlete profile", 
        "content_type": 31
    }
},
{
    "pk": 92, 
    "model": "auth.permission", 
    "fields": {
        "codename": "change_athleteprofile", 
        "name": "Can change athlete profile", 
        "content_type": 31
    }
},
{
    "pk": 93, 
    "model": "auth.permission", 
    "fields": {
        "codename": "delete_athleteprofile", 
        "name": "Can delete athlete profile", 
        "content_type": 31
    }
},
{
    "pk": 94, 
    "model": "auth.permission", 
    "fields": {
        "codename": "add_coachprofile", 
        "name": "Can add coach profile", 
        "content_type": 32
    }
},
{
    "pk": 95, 
    "model": "auth.permission", 
    "fields": {
        "codename": "change_coachprofile", 
        "name": "Can change coach profile", 
        "content_type": 32
    }
},
{
    "pk": 96, 
    "model": "auth.permission", 
    "fields": {
        "codename": "delete_coachprofile", 
        "name": "Can delete coach profile", 
        "content_type": 32
    }
},
{
    "pk": 97, 
    "model": "auth.permission", 
    "fields": {
        "codename": "add_racedirectorprofile", 
        "name": "Can add race director profile", 
        "content_type": 33
    }
},
{
    "pk": 98, 
    "model": "auth.permission", 
    "fields": {
        "codename": "change_racedirectorprofile", 
        "name": "Can change race director profile", 
        "content_type": 33
    }
},
{
    "pk": 99, 
    "model": "auth.permission", 
    "fields": {
        "codename": "delete_racedirectorprofile", 
        "name": "Can delete race director profile", 
        "content_type": 33
    }
},
{
    "pk": 1, 
    "model": "auth.user", 
    "fields": {
        "username": "elliot", 
        "first_name": "", 
        "last_name": "", 
        "is_active": true, 
        "is_superuser": true, 
        "is_staff": true, 
        "last_login": "2014-10-26T04:01:03Z", 
        "groups": [], 
        "user_permissions": [], 
        "password": "pbkdf2_sha256$10000$CWbeMaBWsmMK$IfmHJm/AGHHErehU8i9c6bZ3TUgju8EMLnmDJNUVoO4=", 
        "email": "ejhevel@gmail.com", 
        "date_joined": "2014-09-20T04:11:12Z"
    }
},
{
    "pk": 2, 
    "model": "auth.user", 
    "fields": {
        "username": "clevins", 
        "first_name": "Cameron", 
        "last_name": "Levins", 
        "is_active": true, 
        "is_superuser": false, 
        "is_staff": false, 
        "last_login": "2014-11-13T02:59:58Z", 
        "groups": [], 
        "user_permissions": [], 
        "password": "pbkdf2_sha256$10000$w9WPvxWutZlD$mgXmpCG847/JWd64PTg2OoCFpZ9GRtB7LVgX3J+82gw=", 
        "email": "clevins@nike.com", 
        "date_joined": "2014-09-20T04:15:08Z"
    }
},
{
    "pk": 3, 
    "model": "auth.user", 
    "fields": {
        "username": "alsal", 
        "first_name": "Alberto", 
        "last_name": "Salazar", 
        "is_active": true, 
        "is_superuser": false, 
        "is_staff": false, 
        "last_login": "2014-11-17T23:27:42Z", 
        "groups": [], 
        "user_permissions": [], 
        "password": "pbkdf2_sha256$10000$iccksY3trsvM$VSuXYoiFh9ayPA7lB4pjD5swbuRcvIwzEgZgbnKi6es=", 
        "email": "alsal@nike.com", 
        "date_joined": "2014-09-20T06:42:44Z"
    }
},
{
    "pk": 4, 
    "model": "auth.user", 
    "fields": {
        "username": "ehevel", 
        "first_name": "Elliot", 
        "last_name": "Hevel", 
        "is_active": true, 
        "is_superuser": false, 
        "is_staff": false, 
        "last_login": "2014-11-11T17:09:34Z", 
        "groups": [], 
        "user_permissions": [], 
        "password": "pbkdf2_sha256$10000$GX8wp3D6pXzn$QVzMULKm1ysWOE8lziRiUzyO8LmxCw+2WnlpMFO6MMI=", 
        "email": "ejhevel@gmail.com", 
        "date_joined": "2014-09-25T01:56:03Z"
    }
},
{
    "pk": 5, 
    "model": "auth.user", 
    "fields": {
        "username": "cam", 
        "first_name": "Cam", 
        "last_name": "Levins", 
        "is_active": true, 
        "is_superuser": false, 
        "is_staff": false, 
        "last_login": "2014-09-25T01:58:31Z", 
        "groups": [], 
        "user_permissions": [], 
        "password": "pbkdf2_sha256$10000$DXVzgqBgrlA8$CIVrOPsjf6OSmBdWv+w6S2DdY0vNNjLD2Q6SW0YJu5s=", 
        "email": "", 
        "date_joined": "2014-09-25T01:58:31Z"
    }
},
{
    "pk": 6, 
    "model": "auth.user", 
    "fields": {
        "username": "griffinkelly", 
        "first_name": "griffin", 
        "last_name": "kelly", 
        "is_active": true, 
        "is_superuser": false, 
        "is_staff": false, 
        "last_login": "2014-10-06T00:47:18Z", 
        "groups": [], 
        "user_permissions": [], 
        "password": "pbkdf2_sha256$10000$t9nb8EEYh0d5$C5RSj7cnSJL705PuI3vMr0Z3bolFNsIUPHLj6I0H6/g=", 
        "email": "griffinkelly2013@gmail.com", 
        "date_joined": "2014-10-01T03:38:11Z"
    }
},
{
    "pk": 7, 
    "model": "auth.user", 
    "fields": {
        "username": "csolinsky", 
        "first_name": "", 
        "last_name": "", 
        "is_active": true, 
        "is_superuser": false, 
        "is_staff": false, 
        "last_login": "2014-10-24T04:45:23Z", 
        "groups": [], 
        "user_permissions": [], 
        "password": "pbkdf2_sha256$10000$Y113OrwjY4sb$FXGFT6Qp/IrNTqfebce1Lcrd3WNNug2u7u34Wb/16jM=", 
        "email": "", 
        "date_joined": "2014-10-24T04:45:23Z"
    }
},
{
    "pk": 8, 
    "model": "auth.user", 
    "fields": {
        "username": "user0", 
        "first_name": "", 
        "last_name": "", 
        "is_active": true, 
        "is_superuser": false, 
        "is_staff": false, 
        "last_login": "2014-10-25T20:54:11Z", 
        "groups": [], 
        "user_permissions": [], 
        "password": "pbkdf2_sha256$10000$FsaxwYVz5ZPX$91MUhY+TzpmV5BwNoXwPnvJ9ciVz3Nq+xEaAc0nETpE=", 
        "email": "", 
        "date_joined": "2014-10-25T20:54:11Z"
    }
},
{
    "pk": 9, 
    "model": "auth.user", 
    "fields": {
        "username": "coach2", 
        "first_name": "", 
        "last_name": "", 
        "is_active": true, 
        "is_superuser": false, 
        "is_staff": false, 
        "last_login": "2014-11-17T21:39:12Z", 
        "groups": [], 
        "user_permissions": [], 
        "password": "pbkdf2_sha256$10000$SMtldspaxOGx$HBEMgaUcALmjYJXTNofMCm8RdpPH1PrTuEn0xGwG+A4=", 
        "email": "", 
        "date_joined": "2014-11-08T00:45:01Z"
    }
},
{
    "pk": 10, 
    "model": "auth.user", 
    "fields": {
        "username": "grupp", 
        "first_name": "Galen", 
        "last_name": "Rupp", 
        "is_active": true, 
        "is_superuser": false, 
        "is_staff": false, 
        "last_login": "2014-11-13T05:16:47Z", 
        "groups": [], 
        "user_permissions": [], 
        "password": "pbkdf2_sha256$10000$pK3KrO3mL7nJ$6EOaeDGQQEQVE9AJuz42lr0Hh3Y/jo66cD3vj+1gHXk=", 
        "email": "", 
        "date_joined": "2014-11-13T01:59:10Z"
    }
},
{
    "pk": 11, 
    "model": "auth.user", 
    "fields": {
        "username": "a1", 
        "first_name": "", 
        "last_name": "", 
        "is_active": true, 
        "is_superuser": false, 
        "is_staff": false, 
        "last_login": "2014-11-17T23:13:50Z", 
        "groups": [], 
        "user_permissions": [], 
        "password": "pbkdf2_sha256$10000$Vh9Dh3gDDXSG$ptSXdx3qIHHJzpN/tWzQXLCXjl+uoRuWi7yA4zoMMf0=", 
        "email": "", 
        "date_joined": "2014-11-17T23:13:50Z"
    }
},
{
    "pk": "0i49e5u9rhamjkzpuxjybjf6c5fvkuv4", 
    "model": "sessions.session", 
    "fields": {
        "expire_date": "2014-10-22T20:23:40Z", 
        "session_data": "MzU4YmI4MjcwMTNmYmNjNWQ2MmY1OTA1ZWViODQxNGUyMWFlM2JjMjqAAn1xAVgKAAAAdGVzdGNvb2tpZXECWAYAAAB3b3JrZWRxA3Mu"
    }
},
{
    "pk": "40q3mmnsc5ck8nc5ceh7hyt5ebv96awh", 
    "model": "sessions.session", 
    "fields": {
        "expire_date": "2014-11-10T01:44:26Z", 
        "session_data": "MzU4YmI4MjcwMTNmYmNjNWQ2MmY1OTA1ZWViODQxNGUyMWFlM2JjMjqAAn1xAVgKAAAAdGVzdGNvb2tpZXECWAYAAAB3b3JrZWRxA3Mu"
    }
},
{
    "pk": "47dx4u7yot87n89l45fnacbk69skn7ix", 
    "model": "sessions.session", 
    "fields": {
        "expire_date": "2014-10-14T16:03:25Z", 
        "session_data": "ZWY1YTdmN2JlMWRkYTFhNDdjNTQ3MDcyYWNhYmI5MjY5N2IwOWQ2NDqAAn1xAS4="
    }
},
{
    "pk": "4lejgjdlq8n9f9cxg2um96ka2e6y5ewb", 
    "model": "sessions.session", 
    "fields": {
        "expire_date": "2014-10-20T00:47:14Z", 
        "session_data": "Y2M2ZjMxYWI4MGU1N2M5MmI0NDU1NGU3NDM3ZTg5NzVjMzZiN2I4MDqAAn1xAShVEl9hdXRoX3VzZXJfYmFja2VuZHECVSlkamFuZ28uY29udHJpYi5hdXRoLmJhY2tlbmRzLk1vZGVsQmFja2VuZHEDVQ1fYXV0aF91c2VyX2lkcQRLBnUu"
    }
},
{
    "pk": "4ly4sl2iyqlsa2v7pnwgxnx3owvnnv7m", 
    "model": "sessions.session", 
    "fields": {
        "expire_date": "2014-12-01T23:29:15Z", 
        "session_data": "ZWY1YTdmN2JlMWRkYTFhNDdjNTQ3MDcyYWNhYmI5MjY5N2IwOWQ2NDqAAn1xAS4="
    }
},
{
    "pk": "5gwye434hmqmxzmfmjnum7h8fa5q751w", 
    "model": "sessions.session", 
    "fields": {
        "expire_date": "2014-11-28T22:59:09Z", 
        "session_data": "NzFmNTg3ZWM3NzhmMjAzZGQ5NTJhYzM5YTVlYWZmZTM0MGViYWY5MDqAAn1xAShVEl9hdXRoX3VzZXJfYmFja2VuZHECVSlkamFuZ28uY29udHJpYi5hdXRoLmJhY2tlbmRzLk1vZGVsQmFja2VuZHEDVQ1fYXV0aF91c2VyX2lkcQSKAQN1Lg=="
    }
},
{
    "pk": "5sobdivvvrjgii19td4jhsqag8py98mo", 
    "model": "sessions.session", 
    "fields": {
        "expire_date": "2014-10-15T03:38:54Z", 
        "session_data": "ZWY1YTdmN2JlMWRkYTFhNDdjNTQ3MDcyYWNhYmI5MjY5N2IwOWQ2NDqAAn1xAS4="
    }
},
{
    "pk": "fosdm8b8gppz69t0615iali0y06qo6ff", 
    "model": "sessions.session", 
    "fields": {
        "expire_date": "2014-11-07T04:45:24Z", 
        "session_data": "ZWY1YTdmN2JlMWRkYTFhNDdjNTQ3MDcyYWNhYmI5MjY5N2IwOWQ2NDqAAn1xAS4="
    }
},
{
    "pk": "fov2jhs0osiqdv380lazo7ual0gbynwo", 
    "model": "sessions.session", 
    "fields": {
        "expire_date": "2014-10-21T00:05:56Z", 
        "session_data": "MDNkZTEzZWZiMzk4YWJkZjQyNDc4NDMxNjkwY2ZlM2U3NTc1ZmY0MjqAAn1xAShVEl9hdXRoX3VzZXJfYmFja2VuZHECVSlkamFuZ28uY29udHJpYi5hdXRoLmJhY2tlbmRzLk1vZGVsQmFja2VuZHEDVQ1fYXV0aF91c2VyX2lkcQRLAnUu"
    }
},
{
    "pk": "jk0z5cbir99gpwiuwlskrkljqni2ccb6", 
    "model": "sessions.session", 
    "fields": {
        "expire_date": "2014-11-27T18:36:49Z", 
        "session_data": "ZWY1YTdmN2JlMWRkYTFhNDdjNTQ3MDcyYWNhYmI5MjY5N2IwOWQ2NDqAAn1xAS4="
    }
},
{
    "pk": "klh28wek1jma4vlopghrofehw3pdlxt3", 
    "model": "sessions.session", 
    "fields": {
        "expire_date": "2014-10-04T06:50:21Z", 
        "session_data": "MzI2NTEwYzMxOTY2NjBiNTk0NmE3YjJiZDY4YjE3NTcyYmQ1ZjAzODqAAn1xAShVEl9hdXRoX3VzZXJfYmFja2VuZHECVSlkamFuZ28uY29udHJpYi5hdXRoLmJhY2tlbmRzLk1vZGVsQmFja2VuZHEDVQ1fYXV0aF91c2VyX2lkcQRLA3Uu"
    }
},
{
    "pk": "mr65kuuqxdpn4tn0nnzhef97pjlf9g65", 
    "model": "sessions.session", 
    "fields": {
        "expire_date": "2014-11-27T20:48:58Z", 
        "session_data": "NzFmNTg3ZWM3NzhmMjAzZGQ5NTJhYzM5YTVlYWZmZTM0MGViYWY5MDqAAn1xAShVEl9hdXRoX3VzZXJfYmFja2VuZHECVSlkamFuZ28uY29udHJpYi5hdXRoLmJhY2tlbmRzLk1vZGVsQmFja2VuZHEDVQ1fYXV0aF91c2VyX2lkcQSKAQN1Lg=="
    }
},
{
    "pk": "nj0f4rw19e892su8amejgj6dct2fwlfy", 
    "model": "sessions.session", 
    "fields": {
        "expire_date": "2014-11-28T23:50:49Z", 
        "session_data": "NzFmNTg3ZWM3NzhmMjAzZGQ5NTJhYzM5YTVlYWZmZTM0MGViYWY5MDqAAn1xAShVEl9hdXRoX3VzZXJfYmFja2VuZHECVSlkamFuZ28uY29udHJpYi5hdXRoLmJhY2tlbmRzLk1vZGVsQmFja2VuZHEDVQ1fYXV0aF91c2VyX2lkcQSKAQN1Lg=="
    }
},
{
    "pk": "pe9d919l84y87u0g6lvljiyg2qzmbj5j", 
    "model": "sessions.session", 
    "fields": {
        "expire_date": "2014-10-22T20:23:40Z", 
        "session_data": "MzU4YmI4MjcwMTNmYmNjNWQ2MmY1OTA1ZWViODQxNGUyMWFlM2JjMjqAAn1xAVgKAAAAdGVzdGNvb2tpZXECWAYAAAB3b3JrZWRxA3Mu"
    }
},
{
    "pk": "qplt6cnwf18tv0sclgca3vh1sm0bz9nx", 
    "model": "sessions.session", 
    "fields": {
        "expire_date": "2014-11-07T04:45:23Z", 
        "session_data": "ZWY1YTdmN2JlMWRkYTFhNDdjNTQ3MDcyYWNhYmI5MjY5N2IwOWQ2NDqAAn1xAS4="
    }
},
{
    "pk": "r04layv0amxynecokgw1tbkda6k1lwzv", 
    "model": "sessions.session", 
    "fields": {
        "expire_date": "2014-10-17T03:28:55Z", 
        "session_data": "Y2M2ZjMxYWI4MGU1N2M5MmI0NDU1NGU3NDM3ZTg5NzVjMzZiN2I4MDqAAn1xAShVEl9hdXRoX3VzZXJfYmFja2VuZHECVSlkamFuZ28uY29udHJpYi5hdXRoLmJhY2tlbmRzLk1vZGVsQmFja2VuZHEDVQ1fYXV0aF91c2VyX2lkcQRLBnUu"
    }
},
{
    "pk": "s3qy325qka4whcy3f8ed6g00haxnts4o", 
    "model": "sessions.session", 
    "fields": {
        "expire_date": "2014-10-09T01:58:46Z", 
        "session_data": "ZWY1YTdmN2JlMWRkYTFhNDdjNTQ3MDcyYWNhYmI5MjY5N2IwOWQ2NDqAAn1xAS4="
    }
},
{
    "pk": "saxn5ec57txybja082ig00m41wlr3n31", 
    "model": "sessions.session", 
    "fields": {
        "expire_date": "2014-11-27T02:59:59Z", 
        "session_data": "MDNkZTEzZWZiMzk4YWJkZjQyNDc4NDMxNjkwY2ZlM2U3NTc1ZmY0MjqAAn1xAShVEl9hdXRoX3VzZXJfYmFja2VuZHECVSlkamFuZ28uY29udHJpYi5hdXRoLmJhY2tlbmRzLk1vZGVsQmFja2VuZHEDVQ1fYXV0aF91c2VyX2lkcQRLAnUu"
    }
},
{
    "pk": "sud01r1cr07e024gesgy4sk3fsclf1vh", 
    "model": "sessions.session", 
    "fields": {
        "expire_date": "2014-11-16T19:42:17Z", 
        "session_data": "NzFmNTg3ZWM3NzhmMjAzZGQ5NTJhYzM5YTVlYWZmZTM0MGViYWY5MDqAAn1xAShVEl9hdXRoX3VzZXJfYmFja2VuZHECVSlkamFuZ28uY29udHJpYi5hdXRoLmJhY2tlbmRzLk1vZGVsQmFja2VuZHEDVQ1fYXV0aF91c2VyX2lkcQSKAQN1Lg=="
    }
},
{
    "pk": "tvsmjkfu4kwjjbsnugpjgx6u5gehzbor", 
    "model": "sessions.session", 
    "fields": {
        "expire_date": "2014-10-21T22:18:41Z", 
        "session_data": "ZWY1YTdmN2JlMWRkYTFhNDdjNTQ3MDcyYWNhYmI5MjY5N2IwOWQ2NDqAAn1xAS4="
    }
},
{
    "pk": "xmdxjew47htqqoejchrgzu3xjme5te6c", 
    "model": "sessions.session", 
    "fields": {
        "expire_date": "2014-10-23T01:06:00Z", 
        "session_data": "MmViMTAzMWU2MTI0NzA0MjE5M2UyNmFkYzQyNWUxMWJhMjJlMDllMjqAAn1xAShYCgAAAHRlc3Rjb29raWVxAlgGAAAAd29ya2VkcQNVDV9hdXRoX3VzZXJfaWRLBlUSX2F1dGhfdXNlcl9iYWNrZW5kVSlkamFuZ28uY29udHJpYi5hdXRoLmJhY2tlbmRzLk1vZGVsQmFja2VuZHUu"
    }
},
{
    "pk": "y61rjbe6ekspncavtq9o33ou70wancr1", 
    "model": "sessions.session", 
    "fields": {
        "expire_date": "2014-11-11T01:02:40Z", 
        "session_data": "NzFmNTg3ZWM3NzhmMjAzZGQ5NTJhYzM5YTVlYWZmZTM0MGViYWY5MDqAAn1xAShVEl9hdXRoX3VzZXJfYmFja2VuZHECVSlkamFuZ28uY29udHJpYi5hdXRoLmJhY2tlbmRzLk1vZGVsQmFja2VuZHEDVQ1fYXV0aF91c2VyX2lkcQSKAQN1Lg=="
    }
},
{
    "pk": "zq9il3wqmhsg7akhi3usa3x8ock56nwx", 
    "model": "sessions.session", 
    "fields": {
        "expire_date": "2014-11-27T02:37:06Z", 
        "session_data": "MjhhOGY2MzRhMzEwYmFmNDQzYTIyNTk1OTk4OWU3NGM1ZGJmMzNmZjqAAn1xAShVEl9hdXRoX3VzZXJfYmFja2VuZHECVSlkamFuZ28uY29udHJpYi5hdXRoLmJhY2tlbmRzLk1vZGVsQmFja2VuZHEDVQ1fYXV0aF91c2VyX2lkcQSKAQJ1Lg=="
    }
},
{
    "pk": 1, 
    "model": "oauth2.client", 
    "fields": {
        "name": "csolinsky", 
        "url": "csolinsky", 
        "client_type": 1, 
        "redirect_uri": "", 
        "user": 7, 
        "client_id": "csolinsky", 
        "client_secret": ""
    }
},
{
    "pk": 2, 
    "model": "oauth2.client", 
    "fields": {
        "name": "user0", 
        "url": "user0", 
        "client_type": 1, 
        "redirect_uri": "", 
        "user": 8, 
        "client_id": "user0", 
        "client_secret": ""
    }
},
{
    "pk": 3, 
    "model": "oauth2.client", 
    "fields": {
        "name": "coach2", 
        "url": "coach2", 
        "client_type": 1, 
        "redirect_uri": "", 
        "user": 9, 
        "client_id": "coach2", 
        "client_secret": ""
    }
},
{
    "pk": 4, 
    "model": "oauth2.client", 
    "fields": {
        "name": "clevins", 
        "url": "clevins", 
        "client_type": 1, 
        "redirect_uri": "", 
        "user": 2, 
        "client_id": "clevins", 
        "client_secret": ""
    }
},
{
    "pk": 5, 
    "model": "oauth2.client", 
    "fields": {
        "name": "grupp", 
        "url": "grupp", 
        "client_type": 1, 
        "redirect_uri": "", 
        "user": 10, 
        "client_id": "grupp", 
        "client_secret": ""
    }
},
{
    "pk": 6, 
    "model": "oauth2.client", 
    "fields": {
        "name": "alsal", 
        "url": "alsal", 
        "client_type": 1, 
        "redirect_uri": "", 
        "user": 3, 
        "client_id": "alsal", 
        "client_secret": ""
    }
},
{
    "pk": 7, 
    "model": "oauth2.client", 
    "fields": {
        "name": "a1", 
        "url": "a1", 
        "client_type": 1, 
        "redirect_uri": "", 
        "user": 11, 
        "client_id": "a1", 
        "client_secret": ""
    }
},
{
    "pk": 1, 
    "model": "oauth2.accesstoken", 
    "fields": {
        "scope": 2, 
        "token": "2a7073faff1c81b1d7e71c252c617f1f3c64dcb1", 
        "client": 2, 
        "user": 8, 
        "expires": "2014-11-24T20:54:27Z"
    }
},
{
    "pk": 2, 
    "model": "oauth2.accesstoken", 
    "fields": {
        "scope": 2, 
        "token": "a6b3a24657f4ae179037179eabd9ce8eb1688916", 
        "client": 3, 
        "user": 9, 
        "expires": "2014-12-08T02:39:52Z"
    }
},
{
    "pk": 3, 
    "model": "oauth2.accesstoken", 
    "fields": {
        "scope": 2, 
        "token": "c907a2dee1887f2c3de55f83f59a62a53ac58504", 
        "client": 3, 
        "user": 9, 
        "expires": "2014-12-08T03:30:22Z"
    }
},
{
    "pk": 4, 
    "model": "oauth2.accesstoken", 
    "fields": {
        "scope": 2, 
        "token": "9dcd2a86a44c311f49e84b021b4eaadbfaad9d17", 
        "client": 3, 
        "user": 9, 
        "expires": "2014-12-08T21:09:04Z"
    }
},
{
    "pk": 5, 
    "model": "oauth2.accesstoken", 
    "fields": {
        "scope": 2, 
        "token": "6eac28724be78291afbcbb1677ba8afe92f2f568", 
        "client": 3, 
        "user": 9, 
        "expires": "2014-12-08T21:10:01Z"
    }
},
{
    "pk": 6, 
    "model": "oauth2.accesstoken", 
    "fields": {
        "scope": 2, 
        "token": "5d48592ea4ffa262d3b4db9cbf9e8a25d1130c9b", 
        "client": 3, 
        "user": 9, 
        "expires": "2014-12-08T21:11:10Z"
    }
},
{
    "pk": 7, 
    "model": "oauth2.accesstoken", 
    "fields": {
        "scope": 2, 
        "token": "66628a1f7cc1c1c6d0cf66fd7b2d17b3d18c9573", 
        "client": 3, 
        "user": 9, 
        "expires": "2014-12-08T21:23:36Z"
    }
},
{
    "pk": 8, 
    "model": "oauth2.accesstoken", 
    "fields": {
        "scope": 2, 
        "token": "55e40f3a777b54145170d6f9794e6357969b1d67", 
        "client": 3, 
        "user": 9, 
        "expires": "2014-12-08T21:34:13Z"
    }
},
{
    "pk": 9, 
    "model": "oauth2.accesstoken", 
    "fields": {
        "scope": 2, 
        "token": "013179015ae3d91b634dc2d4aa3d75fbda20a832", 
        "client": 3, 
        "user": 9, 
        "expires": "2014-12-08T21:46:58Z"
    }
},
{
    "pk": 10, 
    "model": "oauth2.accesstoken", 
    "fields": {
        "scope": 2, 
        "token": "0ad2e61806421e934b2c9f2fba89dc3ef5984813", 
        "client": 3, 
        "user": 9, 
        "expires": "2014-12-08T21:47:11Z"
    }
},
{
    "pk": 11, 
    "model": "oauth2.accesstoken", 
    "fields": {
        "scope": 2, 
        "token": "a403742a134cea0f86bd2488e425e2b0864f73ac", 
        "client": 3, 
        "user": 9, 
        "expires": "2014-12-10T17:22:28Z"
    }
},
{
    "pk": 12, 
    "model": "oauth2.accesstoken", 
    "fields": {
        "scope": 2, 
        "token": "30047342fc373179d0707fc80e01da4c111ea48b", 
        "client": 3, 
        "user": 9, 
        "expires": "2014-12-10T17:37:26Z"
    }
},
{
    "pk": 13, 
    "model": "oauth2.accesstoken", 
    "fields": {
        "scope": 2, 
        "token": "d3475e100cd360acfe4470cc8351cd6b403472bc", 
        "client": 3, 
        "user": 9, 
        "expires": "2014-12-10T17:38:02Z"
    }
},
{
    "pk": 14, 
    "model": "oauth2.accesstoken", 
    "fields": {
        "scope": 2, 
        "token": "9d63d3724e9752a850fb99f7641efd2379a643e5", 
        "client": 3, 
        "user": 9, 
        "expires": "2014-12-10T17:41:47Z"
    }
},
{
    "pk": 15, 
    "model": "oauth2.accesstoken", 
    "fields": {
        "scope": 2, 
        "token": "6b1874c9cbb20391570c105d007681984bf14679", 
        "client": 3, 
        "user": 9, 
        "expires": "2014-12-10T17:42:23Z"
    }
},
{
    "pk": 16, 
    "model": "oauth2.accesstoken", 
    "fields": {
        "scope": 2, 
        "token": "e7526807ee818b8e7c7c78fb3aa2097016a852ca", 
        "client": 3, 
        "user": 9, 
        "expires": "2014-12-10T17:50:07Z"
    }
},
{
    "pk": 17, 
    "model": "oauth2.accesstoken", 
    "fields": {
        "scope": 2, 
        "token": "7cdc940018333d4e509131e84f358da47564c6a8", 
        "client": 3, 
        "user": 9, 
        "expires": "2014-12-10T17:51:16Z"
    }
},
{
    "pk": 18, 
    "model": "oauth2.accesstoken", 
    "fields": {
        "scope": 2, 
        "token": "e555adf251898c5830ce6493eafbb65f46e9588d", 
        "client": 3, 
        "user": 9, 
        "expires": "2014-12-10T18:02:53Z"
    }
},
{
    "pk": 19, 
    "model": "oauth2.accesstoken", 
    "fields": {
        "scope": 2, 
        "token": "7d91b461f1091914019fb2cd88d2055720ffdf86", 
        "client": 3, 
        "user": 9, 
        "expires": "2014-12-10T18:03:08Z"
    }
},
{
    "pk": 20, 
    "model": "oauth2.accesstoken", 
    "fields": {
        "scope": 2, 
        "token": "f0cce633361b565fde3b12ffb090337319653b35", 
        "client": 3, 
        "user": 9, 
        "expires": "2014-12-10T18:06:28Z"
    }
},
{
    "pk": 21, 
    "model": "oauth2.accesstoken", 
    "fields": {
        "scope": 2, 
        "token": "fa7865420a3c5e51cdc9eac7caaf4d555e076cf3", 
        "client": 3, 
        "user": 9, 
        "expires": "2014-12-10T18:06:29Z"
    }
},
{
    "pk": 22, 
    "model": "oauth2.accesstoken", 
    "fields": {
        "scope": 2, 
        "token": "70a59cd92021b3bca4312d6adfca1dfe604f780a", 
        "client": 3, 
        "user": 9, 
        "expires": "2014-12-10T18:06:33Z"
    }
},
{
    "pk": 23, 
    "model": "oauth2.accesstoken", 
    "fields": {
        "scope": 2, 
        "token": "a8c4dc69878bcbd2a1032949939f310df9420df8", 
        "client": 3, 
        "user": 9, 
        "expires": "2014-12-10T18:07:19Z"
    }
},
{
    "pk": 24, 
    "model": "oauth2.accesstoken", 
    "fields": {
        "scope": 2, 
        "token": "19fb63c8855c190237a72167a49ce5efa1b698ea", 
        "client": 3, 
        "user": 9, 
        "expires": "2014-12-10T18:07:47Z"
    }
},
{
    "pk": 25, 
    "model": "oauth2.accesstoken", 
    "fields": {
        "scope": 2, 
        "token": "f965d38d23b790b84112f54e594183e63f9392d5", 
        "client": 3, 
        "user": 9, 
        "expires": "2014-12-10T18:27:01Z"
    }
},
{
    "pk": 26, 
    "model": "oauth2.accesstoken", 
    "fields": {
        "scope": 2, 
        "token": "febc06158ce491a4b3c0f7a35197a477dda60b53", 
        "client": 3, 
        "user": 9, 
        "expires": "2014-12-10T18:27:01Z"
    }
},
{
    "pk": 27, 
    "model": "oauth2.accesstoken", 
    "fields": {
        "scope": 2, 
        "token": "e2815126455bb7c46654682315039dd83f31de42", 
        "client": 3, 
        "user": 9, 
        "expires": "2014-12-10T18:29:29Z"
    }
},
{
    "pk": 28, 
    "model": "oauth2.accesstoken", 
    "fields": {
        "scope": 2, 
        "token": "b84476f9f145a704052925b169e749379ae46365", 
        "client": 3, 
        "user": 9, 
        "expires": "2014-12-10T18:32:03Z"
    }
},
{
    "pk": 29, 
    "model": "oauth2.accesstoken", 
    "fields": {
        "scope": 2, 
        "token": "11d0eea597dfba6dbd09a2dca9c79b86103839bb", 
        "client": 3, 
        "user": 9, 
        "expires": "2014-12-10T18:33:16Z"
    }
},
{
    "pk": 30, 
    "model": "oauth2.accesstoken", 
    "fields": {
        "scope": 2, 
        "token": "572ca4672706ff86fe302bbe1babb0e18fe686af", 
        "client": 3, 
        "user": 9, 
        "expires": "2014-12-10T18:34:26Z"
    }
},
{
    "pk": 31, 
    "model": "oauth2.accesstoken", 
    "fields": {
        "scope": 2, 
        "token": "018a5b57210f4b975dd756f5ee047bf4fee3f8d0", 
        "client": 3, 
        "user": 9, 
        "expires": "2014-12-10T18:42:19Z"
    }
},
{
    "pk": 32, 
    "model": "oauth2.accesstoken", 
    "fields": {
        "scope": 2, 
        "token": "804560d2d0051c9701b36f62d78289d8c131e2b5", 
        "client": 3, 
        "user": 9, 
        "expires": "2014-12-10T18:45:56Z"
    }
},
{
    "pk": 33, 
    "model": "oauth2.accesstoken", 
    "fields": {
        "scope": 2, 
        "token": "0975c25da007964f7cea0d64056b3b7a571fb63f", 
        "client": 3, 
        "user": 9, 
        "expires": "2014-12-10T18:52:48Z"
    }
},
{
    "pk": 34, 
    "model": "oauth2.accesstoken", 
    "fields": {
        "scope": 2, 
        "token": "b6ce7f1a7ba5cc983f7a784a449a72f6ae5b1e38", 
        "client": 3, 
        "user": 9, 
        "expires": "2014-12-10T18:53:00Z"
    }
},
{
    "pk": 35, 
    "model": "oauth2.accesstoken", 
    "fields": {
        "scope": 2, 
        "token": "9c49c4317838b523785c590fb26bb98f3323af62", 
        "client": 3, 
        "user": 9, 
        "expires": "2014-12-10T18:53:02Z"
    }
},
{
    "pk": 36, 
    "model": "oauth2.accesstoken", 
    "fields": {
        "scope": 2, 
        "token": "ff6b5bbe8bd445bd25dcca306be5fa8cd7ce33a4", 
        "client": 3, 
        "user": 9, 
        "expires": "2014-12-10T18:53:39Z"
    }
},
{
    "pk": 37, 
    "model": "oauth2.accesstoken", 
    "fields": {
        "scope": 2, 
        "token": "99ccb03e3ee5673a778ef9d134cb66f9bbe5d3e8", 
        "client": 3, 
        "user": 9, 
        "expires": "2014-12-10T20:12:42Z"
    }
},
{
    "pk": 38, 
    "model": "oauth2.accesstoken", 
    "fields": {
        "scope": 2, 
        "token": "051bac7141821e44e4c0896f2fd31ba296009d78", 
        "client": 3, 
        "user": 9, 
        "expires": "2014-12-10T20:12:42Z"
    }
},
{
    "pk": 39, 
    "model": "oauth2.accesstoken", 
    "fields": {
        "scope": 2, 
        "token": "03c5651aa4b554d57d3c0e021c92f302d566695b", 
        "client": 3, 
        "user": 9, 
        "expires": "2014-12-10T20:18:14Z"
    }
},
{
    "pk": 40, 
    "model": "oauth2.accesstoken", 
    "fields": {
        "scope": 2, 
        "token": "ab0062e8d5ace3413d279269ef3944f873b7e776", 
        "client": 3, 
        "user": 9, 
        "expires": "2014-12-10T20:20:33Z"
    }
},
{
    "pk": 41, 
    "model": "oauth2.accesstoken", 
    "fields": {
        "scope": 2, 
        "token": "38471a48565e152132468e2f279cfbbfd5dfdd08", 
        "client": 3, 
        "user": 9, 
        "expires": "2014-12-10T20:21:48Z"
    }
},
{
    "pk": 42, 
    "model": "oauth2.accesstoken", 
    "fields": {
        "scope": 2, 
        "token": "c8b57ae3805108ba778df56d3f231f19085f2ea6", 
        "client": 3, 
        "user": 9, 
        "expires": "2014-12-10T20:22:28Z"
    }
},
{
    "pk": 43, 
    "model": "oauth2.accesstoken", 
    "fields": {
        "scope": 2, 
        "token": "de1c012caac1b514995df89729a01d52bf2b5c72", 
        "client": 3, 
        "user": 9, 
        "expires": "2014-12-10T20:24:32Z"
    }
},
{
    "pk": 44, 
    "model": "oauth2.accesstoken", 
    "fields": {
        "scope": 2, 
        "token": "9dc769bbc0e67f352a4270834608aaada932bed2", 
        "client": 3, 
        "user": 9, 
        "expires": "2014-12-10T20:29:43Z"
    }
},
{
    "pk": 45, 
    "model": "oauth2.accesstoken", 
    "fields": {
        "scope": 2, 
        "token": "03d5092ef41bcc61c3c78f76771d26f0cf7b7fef", 
        "client": 3, 
        "user": 9, 
        "expires": "2014-12-10T20:29:47Z"
    }
},
{
    "pk": 46, 
    "model": "oauth2.accesstoken", 
    "fields": {
        "scope": 2, 
        "token": "059e8048d9d14508ac5e19db49c5bec2c347a82d", 
        "client": 3, 
        "user": 9, 
        "expires": "2014-12-10T20:30:06Z"
    }
},
{
    "pk": 47, 
    "model": "oauth2.accesstoken", 
    "fields": {
        "scope": 2, 
        "token": "639dd1c14f6d52ef276976a0bf4a0fdf2ac85528", 
        "client": 3, 
        "user": 9, 
        "expires": "2014-12-10T20:30:25Z"
    }
},
{
    "pk": 48, 
    "model": "oauth2.accesstoken", 
    "fields": {
        "scope": 2, 
        "token": "efbbc8158dffb15c46da4a68a62d8b35b37bf119", 
        "client": 3, 
        "user": 9, 
        "expires": "2014-12-10T20:30:30Z"
    }
},
{
    "pk": 49, 
    "model": "oauth2.accesstoken", 
    "fields": {
        "scope": 2, 
        "token": "179ac6a3c876f0e611fcb5a9b9f4e268f73e831f", 
        "client": 3, 
        "user": 9, 
        "expires": "2014-12-10T20:30:46Z"
    }
},
{
    "pk": 50, 
    "model": "oauth2.accesstoken", 
    "fields": {
        "scope": 2, 
        "token": "a96dfd16fe6f5953f7d2f9f2aa21367eaaf2fa68", 
        "client": 3, 
        "user": 9, 
        "expires": "2014-12-10T20:31:21Z"
    }
},
{
    "pk": 51, 
    "model": "oauth2.accesstoken", 
    "fields": {
        "scope": 2, 
        "token": "151aef6978441bcdfdc781e0c67bd9369684c4b8", 
        "client": 3, 
        "user": 9, 
        "expires": "2014-12-10T20:31:23Z"
    }
},
{
    "pk": 52, 
    "model": "oauth2.accesstoken", 
    "fields": {
        "scope": 2, 
        "token": "d5762f82950c364490be3b765bd98166c0429183", 
        "client": 3, 
        "user": 9, 
        "expires": "2014-12-10T20:33:09Z"
    }
},
{
    "pk": 53, 
    "model": "oauth2.accesstoken", 
    "fields": {
        "scope": 2, 
        "token": "2fa9befc3eda5bc2b04ad19b72e0264651631e3c", 
        "client": 3, 
        "user": 9, 
        "expires": "2014-12-10T20:33:30Z"
    }
},
{
    "pk": 54, 
    "model": "oauth2.accesstoken", 
    "fields": {
        "scope": 2, 
        "token": "bc8bfb6eedf7b2fdd8157e29a84205f9f74f31c3", 
        "client": 3, 
        "user": 9, 
        "expires": "2014-12-10T20:34:05Z"
    }
},
{
    "pk": 55, 
    "model": "oauth2.accesstoken", 
    "fields": {
        "scope": 2, 
        "token": "69f8f15a97f3eef17acbd01ca21665d19f0a770f", 
        "client": 3, 
        "user": 9, 
        "expires": "2014-12-10T20:48:27Z"
    }
},
{
    "pk": 56, 
    "model": "oauth2.accesstoken", 
    "fields": {
        "scope": 2, 
        "token": "57dc4018a66800da86e878da01944d223191e61a", 
        "client": 3, 
        "user": 9, 
        "expires": "2014-12-10T20:48:43Z"
    }
},
{
    "pk": 57, 
    "model": "oauth2.accesstoken", 
    "fields": {
        "scope": 2, 
        "token": "4fc512a65ae2e40cf3e0152525c4951e7b12229f", 
        "client": 3, 
        "user": 9, 
        "expires": "2014-12-10T20:50:05Z"
    }
},
{
    "pk": 58, 
    "model": "oauth2.accesstoken", 
    "fields": {
        "scope": 2, 
        "token": "12a917e37218ca961020681af863affa7fd9b34a", 
        "client": 3, 
        "user": 9, 
        "expires": "2014-12-10T20:51:20Z"
    }
},
{
    "pk": 59, 
    "model": "oauth2.accesstoken", 
    "fields": {
        "scope": 2, 
        "token": "487f243aa15ff4fec85df9c23dab7f777edd44f4", 
        "client": 3, 
        "user": 9, 
        "expires": "2014-12-10T20:54:45Z"
    }
},
{
    "pk": 60, 
    "model": "oauth2.accesstoken", 
    "fields": {
        "scope": 2, 
        "token": "07f4db2feb127c788d22ff287b7446f676bf9168", 
        "client": 3, 
        "user": 9, 
        "expires": "2014-12-10T20:55:11Z"
    }
},
{
    "pk": 61, 
    "model": "oauth2.accesstoken", 
    "fields": {
        "scope": 2, 
        "token": "46ef4789bb5c9cc577658305c91da07d991886ed", 
        "client": 3, 
        "user": 9, 
        "expires": "2014-12-10T20:57:46Z"
    }
},
{
    "pk": 62, 
    "model": "oauth2.accesstoken", 
    "fields": {
        "scope": 2, 
        "token": "a63045c31f96d51def42743dbfe063625e5a5ead", 
        "client": 3, 
        "user": 9, 
        "expires": "2014-12-10T20:57:47Z"
    }
},
{
    "pk": 63, 
    "model": "oauth2.accesstoken", 
    "fields": {
        "scope": 2, 
        "token": "62eb0af0548f979c56c15ade0a14c7d4e9742d82", 
        "client": 3, 
        "user": 9, 
        "expires": "2014-12-10T20:58:20Z"
    }
},
{
    "pk": 64, 
    "model": "oauth2.accesstoken", 
    "fields": {
        "scope": 2, 
        "token": "98c481a9c0c8cd8a6903d501f4fa159de4e8a259", 
        "client": 3, 
        "user": 9, 
        "expires": "2014-12-10T20:58:58Z"
    }
},
{
    "pk": 65, 
    "model": "oauth2.accesstoken", 
    "fields": {
        "scope": 2, 
        "token": "fdd4c82dc28a8b49e90f5dcac6ea3992177753d4", 
        "client": 3, 
        "user": 9, 
        "expires": "2014-12-10T21:03:41Z"
    }
},
{
    "pk": 66, 
    "model": "oauth2.accesstoken", 
    "fields": {
        "scope": 2, 
        "token": "578dec83e2fce7e32ee0178ca94ad940e192405e", 
        "client": 3, 
        "user": 9, 
        "expires": "2014-12-10T21:03:47Z"
    }
},
{
    "pk": 67, 
    "model": "oauth2.accesstoken", 
    "fields": {
        "scope": 2, 
        "token": "7dda588a6b9a6fcb20ad9f8d97db090efb7394e0", 
        "client": 3, 
        "user": 9, 
        "expires": "2014-12-10T21:04:17Z"
    }
},
{
    "pk": 68, 
    "model": "oauth2.accesstoken", 
    "fields": {
        "scope": 2, 
        "token": "b0775444968da5a138358f7126e1655fd105f845", 
        "client": 3, 
        "user": 9, 
        "expires": "2014-12-10T21:04:46Z"
    }
},
{
    "pk": 69, 
    "model": "oauth2.accesstoken", 
    "fields": {
        "scope": 2, 
        "token": "d79112039666a38ff25b5497968a4ae488463990", 
        "client": 3, 
        "user": 9, 
        "expires": "2014-12-10T21:10:38Z"
    }
},
{
    "pk": 70, 
    "model": "oauth2.accesstoken", 
    "fields": {
        "scope": 2, 
        "token": "c5bfa8e0903cafe65fd5ec15c3c1fc68b4935f9f", 
        "client": 3, 
        "user": 9, 
        "expires": "2014-12-10T21:13:43Z"
    }
},
{
    "pk": 71, 
    "model": "oauth2.accesstoken", 
    "fields": {
        "scope": 2, 
        "token": "94bad458873e7b99745c432b5ba685c1d04cc526", 
        "client": 3, 
        "user": 9, 
        "expires": "2014-12-10T21:13:45Z"
    }
},
{
    "pk": 72, 
    "model": "oauth2.accesstoken", 
    "fields": {
        "scope": 2, 
        "token": "74a094b346ffdef4dc2c55eab4433eea07a81e14", 
        "client": 3, 
        "user": 9, 
        "expires": "2014-12-10T21:14:50Z"
    }
},
{
    "pk": 73, 
    "model": "oauth2.accesstoken", 
    "fields": {
        "scope": 2, 
        "token": "acc0b70a708b29086ab35b6c3216bcc6cd0c55fe", 
        "client": 3, 
        "user": 9, 
        "expires": "2014-12-10T21:25:24Z"
    }
},
{
    "pk": 74, 
    "model": "oauth2.accesstoken", 
    "fields": {
        "scope": 2, 
        "token": "257443fca9400465a6caaff88fa11ada5f9ee4f3", 
        "client": 3, 
        "user": 9, 
        "expires": "2014-12-10T21:25:58Z"
    }
},
{
    "pk": 75, 
    "model": "oauth2.accesstoken", 
    "fields": {
        "scope": 2, 
        "token": "1a1ec65dea12323eac8b9834e6932890ebb87c77", 
        "client": 3, 
        "user": 9, 
        "expires": "2014-12-10T21:27:59Z"
    }
},
{
    "pk": 76, 
    "model": "oauth2.accesstoken", 
    "fields": {
        "scope": 2, 
        "token": "e49d7ad3f0badf3ad7a656aab0586e89b927dd70", 
        "client": 3, 
        "user": 9, 
        "expires": "2014-12-10T21:28:30Z"
    }
},
{
    "pk": 77, 
    "model": "oauth2.accesstoken", 
    "fields": {
        "scope": 2, 
        "token": "ea93c41a3e459029a06841cae997ca2166e35cda", 
        "client": 3, 
        "user": 9, 
        "expires": "2014-12-10T21:29:09Z"
    }
},
{
    "pk": 78, 
    "model": "oauth2.accesstoken", 
    "fields": {
        "scope": 2, 
        "token": "efac4f8eb5528c5f266911b38261471c0e7f2ff0", 
        "client": 3, 
        "user": 9, 
        "expires": "2014-12-10T21:31:10Z"
    }
},
{
    "pk": 79, 
    "model": "oauth2.accesstoken", 
    "fields": {
        "scope": 2, 
        "token": "9e6b22ac7f87ca3d5f87341a583d41e9d744a022", 
        "client": 3, 
        "user": 9, 
        "expires": "2014-12-10T21:32:33Z"
    }
},
{
    "pk": 80, 
    "model": "oauth2.accesstoken", 
    "fields": {
        "scope": 2, 
        "token": "ed5d884e1e3ecc5e3ed0e859cf0e1a410903895f", 
        "client": 3, 
        "user": 9, 
        "expires": "2014-12-10T21:34:56Z"
    }
},
{
    "pk": 81, 
    "model": "oauth2.accesstoken", 
    "fields": {
        "scope": 2, 
        "token": "95bdeaba49a4f8a4bbb282da90ce357f5c9dddb1", 
        "client": 3, 
        "user": 9, 
        "expires": "2014-12-10T21:37:45Z"
    }
},
{
    "pk": 82, 
    "model": "oauth2.accesstoken", 
    "fields": {
        "scope": 2, 
        "token": "9cc99075297f486ff2a6cb5e17831a9a3041e31b", 
        "client": 3, 
        "user": 9, 
        "expires": "2014-12-10T21:38:48Z"
    }
},
{
    "pk": 83, 
    "model": "oauth2.accesstoken", 
    "fields": {
        "scope": 2, 
        "token": "472f0059a762f0808b5ed5dd7d27f22369f08534", 
        "client": 3, 
        "user": 9, 
        "expires": "2014-12-10T21:39:31Z"
    }
},
{
    "pk": 84, 
    "model": "oauth2.accesstoken", 
    "fields": {
        "scope": 2, 
        "token": "2a71ef4ddf2b654059a00739936d19ae5b961d5b", 
        "client": 3, 
        "user": 9, 
        "expires": "2014-12-10T21:46:59Z"
    }
},
{
    "pk": 85, 
    "model": "oauth2.accesstoken", 
    "fields": {
        "scope": 2, 
        "token": "c5b7509945043ddbbc8a996afee82da8c9c91d1f", 
        "client": 3, 
        "user": 9, 
        "expires": "2014-12-10T21:47:00Z"
    }
},
{
    "pk": 86, 
    "model": "oauth2.accesstoken", 
    "fields": {
        "scope": 2, 
        "token": "7f124104b301a41bebe61e60497f29071255a207", 
        "client": 3, 
        "user": 9, 
        "expires": "2014-12-10T21:47:07Z"
    }
},
{
    "pk": 87, 
    "model": "oauth2.accesstoken", 
    "fields": {
        "scope": 2, 
        "token": "fa15f669dc5296bb710021ee8a54e329576ac868", 
        "client": 3, 
        "user": 9, 
        "expires": "2014-12-10T21:48:49Z"
    }
},
{
    "pk": 88, 
    "model": "oauth2.accesstoken", 
    "fields": {
        "scope": 2, 
        "token": "ac4f0d3f58dd77d1b16b0e8e2d19d250e4f2af68", 
        "client": 3, 
        "user": 9, 
        "expires": "2014-12-10T21:49:48Z"
    }
},
{
    "pk": 89, 
    "model": "oauth2.accesstoken", 
    "fields": {
        "scope": 2, 
        "token": "5ae42d42be2661885f7dfed6c5cd858a10e80462", 
        "client": 3, 
        "user": 9, 
        "expires": "2014-12-10T21:57:43Z"
    }
},
{
    "pk": 90, 
    "model": "oauth2.accesstoken", 
    "fields": {
        "scope": 2, 
        "token": "2f816ad046fbf299ea714c711dce62f5694fd01c", 
        "client": 3, 
        "user": 9, 
        "expires": "2014-12-10T23:19:08Z"
    }
},
{
    "pk": 91, 
    "model": "oauth2.accesstoken", 
    "fields": {
        "scope": 2, 
        "token": "479109fde92b6eb3cdd813f0903687e6603ba358", 
        "client": 3, 
        "user": 9, 
        "expires": "2014-12-10T23:19:27Z"
    }
},
{
    "pk": 92, 
    "model": "oauth2.accesstoken", 
    "fields": {
        "scope": 2, 
        "token": "4c3df3892683910e5bba047330778089390d7276", 
        "client": 3, 
        "user": 9, 
        "expires": "2014-12-10T23:22:35Z"
    }
},
{
    "pk": 93, 
    "model": "oauth2.accesstoken", 
    "fields": {
        "scope": 2, 
        "token": "002ea737b19c1309627ee5b1ee4d65f63b2b0fc0", 
        "client": 3, 
        "user": 9, 
        "expires": "2014-12-10T23:23:47Z"
    }
},
{
    "pk": 94, 
    "model": "oauth2.accesstoken", 
    "fields": {
        "scope": 2, 
        "token": "480f6228f99da715dc54b7f147ddc57e96d1bbd5", 
        "client": 3, 
        "user": 9, 
        "expires": "2014-12-10T23:24:05Z"
    }
},
{
    "pk": 95, 
    "model": "oauth2.accesstoken", 
    "fields": {
        "scope": 2, 
        "token": "a4a06e9d3fc39a9a741ed3005fb8f8b0bf38c2d9", 
        "client": 3, 
        "user": 9, 
        "expires": "2014-12-10T23:25:59Z"
    }
},
{
    "pk": 96, 
    "model": "oauth2.accesstoken", 
    "fields": {
        "scope": 2, 
        "token": "c7277c84fde815368c96e596ffdd5c79a46bdc8d", 
        "client": 3, 
        "user": 9, 
        "expires": "2014-12-10T23:26:00Z"
    }
},
{
    "pk": 97, 
    "model": "oauth2.accesstoken", 
    "fields": {
        "scope": 2, 
        "token": "3e4248ad864a67198be71cba530f7603ad0fcf70", 
        "client": 3, 
        "user": 9, 
        "expires": "2014-12-10T23:26:46Z"
    }
},
{
    "pk": 98, 
    "model": "oauth2.accesstoken", 
    "fields": {
        "scope": 2, 
        "token": "035557426313a00f9f759f96e26962b7c6d9711d", 
        "client": 3, 
        "user": 9, 
        "expires": "2014-12-10T23:26:48Z"
    }
},
{
    "pk": 99, 
    "model": "oauth2.accesstoken", 
    "fields": {
        "scope": 2, 
        "token": "493e613fca52ed2c15b66e763d10c77172354bde", 
        "client": 3, 
        "user": 9, 
        "expires": "2014-12-10T23:26:49Z"
    }
},
{
    "pk": 100, 
    "model": "oauth2.accesstoken", 
    "fields": {
        "scope": 2, 
        "token": "b76fe699bbb056b6fa821fd91c89c0995f61f9d1", 
        "client": 3, 
        "user": 9, 
        "expires": "2014-12-10T23:29:47Z"
    }
},
{
    "pk": 101, 
    "model": "oauth2.accesstoken", 
    "fields": {
        "scope": 2, 
        "token": "2e00067313f7fb7f8972051b8e94a1d3491486e6", 
        "client": 3, 
        "user": 9, 
        "expires": "2014-12-10T23:30:58Z"
    }
},
{
    "pk": 102, 
    "model": "oauth2.accesstoken", 
    "fields": {
        "scope": 2, 
        "token": "f1087efef62ff7ec0008a9688e5cc593bfe570c8", 
        "client": 3, 
        "user": 9, 
        "expires": "2014-12-10T23:31:14Z"
    }
},
{
    "pk": 103, 
    "model": "oauth2.accesstoken", 
    "fields": {
        "scope": 2, 
        "token": "25b00b949242b2884228c69d48081ef86a70ba05", 
        "client": 3, 
        "user": 9, 
        "expires": "2014-12-10T23:31:18Z"
    }
},
{
    "pk": 104, 
    "model": "oauth2.accesstoken", 
    "fields": {
        "scope": 2, 
        "token": "29638a2c1b737833d93e8fb8d7304c5e23c30a6f", 
        "client": 3, 
        "user": 9, 
        "expires": "2014-12-10T23:42:56Z"
    }
},
{
    "pk": 105, 
    "model": "oauth2.accesstoken", 
    "fields": {
        "scope": 2, 
        "token": "fac2ff959042616b333a1cb3a53c253bf638c8a5", 
        "client": 3, 
        "user": 9, 
        "expires": "2014-12-10T23:43:24Z"
    }
},
{
    "pk": 106, 
    "model": "oauth2.accesstoken", 
    "fields": {
        "scope": 2, 
        "token": "5a19bbc087800908f0cf69c6155dcb4e9f4aa383", 
        "client": 3, 
        "user": 9, 
        "expires": "2014-12-10T23:43:51Z"
    }
},
{
    "pk": 107, 
    "model": "oauth2.accesstoken", 
    "fields": {
        "scope": 2, 
        "token": "9f22695550d97d422914870054057ecdc6e16900", 
        "client": 3, 
        "user": 9, 
        "expires": "2014-12-10T23:43:59Z"
    }
},
{
    "pk": 108, 
    "model": "oauth2.accesstoken", 
    "fields": {
        "scope": 2, 
        "token": "8ce2773f4c41934aa7c097794b67fa094ba91e5c", 
        "client": 3, 
        "user": 9, 
        "expires": "2014-12-10T23:57:45Z"
    }
},
{
    "pk": 109, 
    "model": "oauth2.accesstoken", 
    "fields": {
        "scope": 2, 
        "token": "0acdfd13a5b3ea3ecd68dc5aa4824531596445db", 
        "client": 3, 
        "user": 9, 
        "expires": "2014-12-10T23:57:47Z"
    }
},
{
    "pk": 110, 
    "model": "oauth2.accesstoken", 
    "fields": {
        "scope": 2, 
        "token": "f758ea45d21969c3984b84b5f96d0879b99b181a", 
        "client": 3, 
        "user": 9, 
        "expires": "2014-12-11T00:06:18Z"
    }
},
{
    "pk": 111, 
    "model": "oauth2.accesstoken", 
    "fields": {
        "scope": 2, 
        "token": "6a14acc3895bc75531c0405f223b124047064947", 
        "client": 3, 
        "user": 9, 
        "expires": "2014-12-11T00:07:06Z"
    }
},
{
    "pk": 112, 
    "model": "oauth2.accesstoken", 
    "fields": {
        "scope": 2, 
        "token": "4683221c15437a3fa06dee5a6f885f44a610ef5c", 
        "client": 3, 
        "user": 9, 
        "expires": "2014-12-11T00:07:32Z"
    }
},
{
    "pk": 113, 
    "model": "oauth2.accesstoken", 
    "fields": {
        "scope": 2, 
        "token": "ead65a7770b4369e12efd788d821cdb9e8767fb5", 
        "client": 3, 
        "user": 9, 
        "expires": "2014-12-11T00:08:08Z"
    }
},
{
    "pk": 114, 
    "model": "oauth2.accesstoken", 
    "fields": {
        "scope": 2, 
        "token": "92106b66136b912e8d0644bde4c3ed392105b8c0", 
        "client": 3, 
        "user": 9, 
        "expires": "2014-12-11T03:34:12Z"
    }
},
{
    "pk": 115, 
    "model": "oauth2.accesstoken", 
    "fields": {
        "scope": 2, 
        "token": "c5dfb6784a3baf66e327263f18b78e0b3b2e9945", 
        "client": 3, 
        "user": 9, 
        "expires": "2014-12-11T03:48:02Z"
    }
},
{
    "pk": 116, 
    "model": "oauth2.accesstoken", 
    "fields": {
        "scope": 2, 
        "token": "c16dce69927f4dc21432274adcd256c0d5d5b002", 
        "client": 3, 
        "user": 9, 
        "expires": "2014-12-11T04:05:54Z"
    }
},
{
    "pk": 117, 
    "model": "oauth2.accesstoken", 
    "fields": {
        "scope": 2, 
        "token": "ffdcb033b533dbb0a25d0e06ddce03cc0777ecc6", 
        "client": 3, 
        "user": 9, 
        "expires": "2014-12-11T04:07:07Z"
    }
},
{
    "pk": 118, 
    "model": "oauth2.accesstoken", 
    "fields": {
        "scope": 2, 
        "token": "2ca6cd5365487a67f87e0447d045d57b995cf48a", 
        "client": 3, 
        "user": 9, 
        "expires": "2014-12-11T04:07:28Z"
    }
},
{
    "pk": 119, 
    "model": "oauth2.accesstoken", 
    "fields": {
        "scope": 2, 
        "token": "ea6b1a1533593f6f3b45c1a8c1bb6b8f0beeb293", 
        "client": 3, 
        "user": 9, 
        "expires": "2014-12-11T04:20:58Z"
    }
},
{
    "pk": 120, 
    "model": "oauth2.accesstoken", 
    "fields": {
        "scope": 2, 
        "token": "aa9b2a86d440661159cc2b076032c0898788be03", 
        "client": 3, 
        "user": 9, 
        "expires": "2014-12-11T04:22:47Z"
    }
},
{
    "pk": 121, 
    "model": "oauth2.accesstoken", 
    "fields": {
        "scope": 2, 
        "token": "eadc4a1804f9e6337d85df6ad50f1b9c4230473d", 
        "client": 3, 
        "user": 9, 
        "expires": "2014-12-11T17:01:30Z"
    }
},
{
    "pk": 122, 
    "model": "oauth2.accesstoken", 
    "fields": {
        "scope": 2, 
        "token": "3ab07733a15eb2134ed4eb40a405a5ccbcb99659", 
        "client": 3, 
        "user": 9, 
        "expires": "2014-12-11T17:01:58Z"
    }
},
{
    "pk": 123, 
    "model": "oauth2.accesstoken", 
    "fields": {
        "scope": 2, 
        "token": "c9ff5603759cf5394e26187e7e018dc51635cd23", 
        "client": 3, 
        "user": 9, 
        "expires": "2014-12-11T17:02:31Z"
    }
},
{
    "pk": 124, 
    "model": "oauth2.accesstoken", 
    "fields": {
        "scope": 2, 
        "token": "ac320786d8534cadd3ddad604f86047fe376fb70", 
        "client": 3, 
        "user": 9, 
        "expires": "2014-12-11T17:02:54Z"
    }
},
{
    "pk": 125, 
    "model": "oauth2.accesstoken", 
    "fields": {
        "scope": 2, 
        "token": "c3bdea7db3535bfa03de53be364e3f934cbece22", 
        "client": 3, 
        "user": 9, 
        "expires": "2014-12-11T17:04:17Z"
    }
},
{
    "pk": 126, 
    "model": "oauth2.accesstoken", 
    "fields": {
        "scope": 2, 
        "token": "99a5d1dedfb685fdb5ec32b89dab73397169cf4c", 
        "client": 3, 
        "user": 9, 
        "expires": "2014-12-11T17:12:34Z"
    }
},
{
    "pk": 127, 
    "model": "oauth2.accesstoken", 
    "fields": {
        "scope": 2, 
        "token": "b91988000e7c506769be3f77e0ac8d9afe49307d", 
        "client": 3, 
        "user": 9, 
        "expires": "2014-12-11T17:13:17Z"
    }
},
{
    "pk": 128, 
    "model": "oauth2.accesstoken", 
    "fields": {
        "scope": 2, 
        "token": "2d04e9dfa30fdf19ce6b12e922c08cf5f8002975", 
        "client": 3, 
        "user": 9, 
        "expires": "2014-12-11T17:37:29Z"
    }
},
{
    "pk": 129, 
    "model": "oauth2.accesstoken", 
    "fields": {
        "scope": 2, 
        "token": "e5f8eb0edc0cda63729ca8c06fc4000dd74c5e2e", 
        "client": 3, 
        "user": 9, 
        "expires": "2014-12-11T17:37:38Z"
    }
},
{
    "pk": 130, 
    "model": "oauth2.accesstoken", 
    "fields": {
        "scope": 2, 
        "token": "e45f8385a7ead8beac51b84b41570ce6d53d60c9", 
        "client": 3, 
        "user": 9, 
        "expires": "2014-12-11T17:38:16Z"
    }
},
{
    "pk": 131, 
    "model": "oauth2.accesstoken", 
    "fields": {
        "scope": 2, 
        "token": "8fd86a3497af92a02bb26080d68aedda6f9bc6c3", 
        "client": 3, 
        "user": 9, 
        "expires": "2014-12-11T17:39:18Z"
    }
},
{
    "pk": 132, 
    "model": "oauth2.accesstoken", 
    "fields": {
        "scope": 2, 
        "token": "aa7d7d581d10985650f5cbcbc9b17961dd8ffa11", 
        "client": 3, 
        "user": 9, 
        "expires": "2014-12-11T17:41:00Z"
    }
},
{
    "pk": 133, 
    "model": "oauth2.accesstoken", 
    "fields": {
        "scope": 2, 
        "token": "d0f1af7974dc3afab32aa6240a422b8b5c722cfd", 
        "client": 3, 
        "user": 9, 
        "expires": "2014-12-11T17:41:53Z"
    }
},
{
    "pk": 134, 
    "model": "oauth2.accesstoken", 
    "fields": {
        "scope": 2, 
        "token": "6d102d738aec37f12df9cdb5327a342db9bd1dde", 
        "client": 3, 
        "user": 9, 
        "expires": "2014-12-11T18:54:36Z"
    }
},
{
    "pk": 135, 
    "model": "oauth2.accesstoken", 
    "fields": {
        "scope": 2, 
        "token": "5949fabf08d760de6f13ca513dccaca1d2b1608c", 
        "client": 3, 
        "user": 9, 
        "expires": "2014-12-11T18:56:17Z"
    }
},
{
    "pk": 136, 
    "model": "oauth2.accesstoken", 
    "fields": {
        "scope": 2, 
        "token": "e4ad61851110a15b2a7c805653773aaefaf01bab", 
        "client": 3, 
        "user": 9, 
        "expires": "2014-12-11T19:29:50Z"
    }
},
{
    "pk": 137, 
    "model": "oauth2.accesstoken", 
    "fields": {
        "scope": 2, 
        "token": "df307e6671f01c1f2feccd3711aa99d911d8c520", 
        "client": 3, 
        "user": 9, 
        "expires": "2014-12-11T19:31:01Z"
    }
},
{
    "pk": 138, 
    "model": "oauth2.accesstoken", 
    "fields": {
        "scope": 2, 
        "token": "74a07c22b1fda81c2aa914b174322dbd482f2574", 
        "client": 3, 
        "user": 9, 
        "expires": "2014-12-11T19:35:33Z"
    }
},
{
    "pk": 139, 
    "model": "oauth2.accesstoken", 
    "fields": {
        "scope": 2, 
        "token": "170c247ba6a0fd6c3acbebab092a14ed311cf95d", 
        "client": 3, 
        "user": 9, 
        "expires": "2014-12-11T19:41:18Z"
    }
},
{
    "pk": 140, 
    "model": "oauth2.accesstoken", 
    "fields": {
        "scope": 2, 
        "token": "c588bc13693d0afb86ddf67bd0ef51238d861ce5", 
        "client": 3, 
        "user": 9, 
        "expires": "2014-12-11T19:43:52Z"
    }
},
{
    "pk": 141, 
    "model": "oauth2.accesstoken", 
    "fields": {
        "scope": 2, 
        "token": "8578d8cb2b9cc61178152cbfb18de831cd9af108", 
        "client": 3, 
        "user": 9, 
        "expires": "2014-12-11T19:44:03Z"
    }
},
{
    "pk": 142, 
    "model": "oauth2.accesstoken", 
    "fields": {
        "scope": 2, 
        "token": "662fe167046a0970692749d6a9720742052a14a3", 
        "client": 3, 
        "user": 9, 
        "expires": "2014-12-11T20:01:32Z"
    }
},
{
    "pk": 143, 
    "model": "oauth2.accesstoken", 
    "fields": {
        "scope": 2, 
        "token": "532c5c0052a482d473fe326549f8e572afa58ea9", 
        "client": 3, 
        "user": 9, 
        "expires": "2014-12-11T20:01:38Z"
    }
},
{
    "pk": 144, 
    "model": "oauth2.accesstoken", 
    "fields": {
        "scope": 2, 
        "token": "4c012147e6c63f5b49588d833d43dbb38bc40b1e", 
        "client": 3, 
        "user": 9, 
        "expires": "2014-12-11T20:04:13Z"
    }
},
{
    "pk": 145, 
    "model": "oauth2.accesstoken", 
    "fields": {
        "scope": 2, 
        "token": "6449cd46fde3006240ee51525b0078f4a05bd18e", 
        "client": 3, 
        "user": 9, 
        "expires": "2014-12-11T20:04:52Z"
    }
},
{
    "pk": 146, 
    "model": "oauth2.accesstoken", 
    "fields": {
        "scope": 2, 
        "token": "95fc228ba19cbd1c2d03a16b49bf5ef019e81d2b", 
        "client": 3, 
        "user": 9, 
        "expires": "2014-12-11T20:15:25Z"
    }
},
{
    "pk": 147, 
    "model": "oauth2.accesstoken", 
    "fields": {
        "scope": 2, 
        "token": "a7a961f913bbd36a35897383b325c94b85adab72", 
        "client": 3, 
        "user": 9, 
        "expires": "2014-12-11T20:16:13Z"
    }
},
{
    "pk": 148, 
    "model": "oauth2.accesstoken", 
    "fields": {
        "scope": 2, 
        "token": "66138ed5e7b190af14d3d381dae33bfb0939f6ba", 
        "client": 3, 
        "user": 9, 
        "expires": "2014-12-11T20:21:35Z"
    }
},
{
    "pk": 149, 
    "model": "oauth2.accesstoken", 
    "fields": {
        "scope": 2, 
        "token": "5bcbac9da40334709254822a21c3fd12b3498c20", 
        "client": 3, 
        "user": 9, 
        "expires": "2014-12-11T20:22:37Z"
    }
},
{
    "pk": 150, 
    "model": "oauth2.accesstoken", 
    "fields": {
        "scope": 2, 
        "token": "dd627bfb01561d1bf90002fb66e8226ee67e4ef9", 
        "client": 3, 
        "user": 9, 
        "expires": "2014-12-11T20:29:34Z"
    }
},
{
    "pk": 151, 
    "model": "oauth2.accesstoken", 
    "fields": {
        "scope": 2, 
        "token": "ea14b1c22722f7264ec38f19c6fef1ab0f8ce8a0", 
        "client": 3, 
        "user": 9, 
        "expires": "2014-12-11T20:32:11Z"
    }
},
{
    "pk": 152, 
    "model": "oauth2.accesstoken", 
    "fields": {
        "scope": 2, 
        "token": "8b8c661a8febfce44641c5eb2ba0d438a0df2693", 
        "client": 3, 
        "user": 9, 
        "expires": "2014-12-11T20:38:10Z"
    }
},
{
    "pk": 153, 
    "model": "oauth2.accesstoken", 
    "fields": {
        "scope": 2, 
        "token": "e19df8f1b1c6163811b3976d0170fd3198a31488", 
        "client": 3, 
        "user": 9, 
        "expires": "2014-12-11T20:39:10Z"
    }
},
{
    "pk": 154, 
    "model": "oauth2.accesstoken", 
    "fields": {
        "scope": 2, 
        "token": "b18a79ff58137aede833c87477f8b2d35a9ec0dc", 
        "client": 3, 
        "user": 9, 
        "expires": "2014-12-11T20:39:46Z"
    }
},
{
    "pk": 155, 
    "model": "oauth2.accesstoken", 
    "fields": {
        "scope": 2, 
        "token": "92ebc7b060a1d2fd97c7a9ff16e4657c7a6925f5", 
        "client": 3, 
        "user": 9, 
        "expires": "2014-12-11T20:40:57Z"
    }
},
{
    "pk": 156, 
    "model": "oauth2.accesstoken", 
    "fields": {
        "scope": 2, 
        "token": "81a15035044fad465cbf35f4ce701c3b2801c2e0", 
        "client": 3, 
        "user": 9, 
        "expires": "2014-12-11T20:41:47Z"
    }
},
{
    "pk": 157, 
    "model": "oauth2.accesstoken", 
    "fields": {
        "scope": 2, 
        "token": "da233f8210bf31f92c5be3555d2d1d946356736d", 
        "client": 3, 
        "user": 9, 
        "expires": "2014-12-11T20:44:23Z"
    }
},
{
    "pk": 158, 
    "model": "oauth2.accesstoken", 
    "fields": {
        "scope": 2, 
        "token": "d85e478622f6132b65e4a5505e02a0e06e77e64a", 
        "client": 3, 
        "user": 9, 
        "expires": "2014-12-11T20:45:42Z"
    }
},
{
    "pk": 159, 
    "model": "oauth2.accesstoken", 
    "fields": {
        "scope": 2, 
        "token": "ee41707b0f33f9043b2473a1882b4402e3ed18b0", 
        "client": 3, 
        "user": 9, 
        "expires": "2014-12-11T20:46:16Z"
    }
},
{
    "pk": 160, 
    "model": "oauth2.accesstoken", 
    "fields": {
        "scope": 2, 
        "token": "dd1c7ad268e84eb82ccb210752725eaae3880e2e", 
        "client": 3, 
        "user": 9, 
        "expires": "2014-12-11T20:47:44Z"
    }
},
{
    "pk": 161, 
    "model": "oauth2.accesstoken", 
    "fields": {
        "scope": 2, 
        "token": "2ea03b857503922e06b31895dd63d1a35ccc2608", 
        "client": 3, 
        "user": 9, 
        "expires": "2014-12-11T20:49:03Z"
    }
},
{
    "pk": 162, 
    "model": "oauth2.accesstoken", 
    "fields": {
        "scope": 2, 
        "token": "4af495436d933d20564d66c8ccec494a662b8c2f", 
        "client": 3, 
        "user": 9, 
        "expires": "2014-12-11T21:02:05Z"
    }
},
{
    "pk": 163, 
    "model": "oauth2.accesstoken", 
    "fields": {
        "scope": 2, 
        "token": "633d14171c7f4cd68fa8f72260ed51c52a05431d", 
        "client": 3, 
        "user": 9, 
        "expires": "2014-12-11T21:14:14Z"
    }
},
{
    "pk": 164, 
    "model": "oauth2.accesstoken", 
    "fields": {
        "scope": 2, 
        "token": "8602ae0f97f60d62b54dc78c0695fd08b8ac478d", 
        "client": 3, 
        "user": 9, 
        "expires": "2014-12-11T21:14:26Z"
    }
},
{
    "pk": 165, 
    "model": "oauth2.accesstoken", 
    "fields": {
        "scope": 2, 
        "token": "1e683e7480988d30be6e9e649017174c6f7a28af", 
        "client": 3, 
        "user": 9, 
        "expires": "2014-12-11T21:15:54Z"
    }
},
{
    "pk": 166, 
    "model": "oauth2.accesstoken", 
    "fields": {
        "scope": 2, 
        "token": "94635f4d258dae192974a993ce58c9e558a7ce2a", 
        "client": 3, 
        "user": 9, 
        "expires": "2014-12-11T21:19:05Z"
    }
},
{
    "pk": 167, 
    "model": "oauth2.accesstoken", 
    "fields": {
        "scope": 2, 
        "token": "0bfe8025178cb9c3d590c93008b4d75801d6513e", 
        "client": 3, 
        "user": 9, 
        "expires": "2014-12-11T21:19:36Z"
    }
},
{
    "pk": 168, 
    "model": "oauth2.accesstoken", 
    "fields": {
        "scope": 2, 
        "token": "c182b2fcedb3f95a0f2116015309ef4df01bb456", 
        "client": 3, 
        "user": 9, 
        "expires": "2014-12-11T21:31:19Z"
    }
},
{
    "pk": 169, 
    "model": "oauth2.accesstoken", 
    "fields": {
        "scope": 2, 
        "token": "b24b1b70f9d46bd235cc78c7df17541433f4225e", 
        "client": 3, 
        "user": 9, 
        "expires": "2014-12-12T20:11:07Z"
    }
},
{
    "pk": 170, 
    "model": "oauth2.accesstoken", 
    "fields": {
        "scope": 2, 
        "token": "77ae70850e683c9fcc8c570d8070e06dea0321c1", 
        "client": 3, 
        "user": 9, 
        "expires": "2014-12-12T20:15:02Z"
    }
},
{
    "pk": 171, 
    "model": "oauth2.accesstoken", 
    "fields": {
        "scope": 2, 
        "token": "349ae3cf41dbf2a571b33aabffa0c595ade7ffdb", 
        "client": 3, 
        "user": 9, 
        "expires": "2014-12-12T20:15:42Z"
    }
},
{
    "pk": 172, 
    "model": "oauth2.accesstoken", 
    "fields": {
        "scope": 2, 
        "token": "71b91ab06e57c985028291abf058026d6796aef9", 
        "client": 3, 
        "user": 9, 
        "expires": "2014-12-12T20:17:43Z"
    }
},
{
    "pk": 173, 
    "model": "oauth2.accesstoken", 
    "fields": {
        "scope": 2, 
        "token": "36cbb9d8f02958ed9daba1919d36810651d427a5", 
        "client": 3, 
        "user": 9, 
        "expires": "2014-12-12T20:18:22Z"
    }
},
{
    "pk": 174, 
    "model": "oauth2.accesstoken", 
    "fields": {
        "scope": 2, 
        "token": "3f7d49c1677bd7f8bf8757c6aba1f219c8fe371f", 
        "client": 3, 
        "user": 9, 
        "expires": "2014-12-12T20:18:42Z"
    }
},
{
    "pk": 175, 
    "model": "oauth2.accesstoken", 
    "fields": {
        "scope": 2, 
        "token": "b79a0116159ff62d79ace67ff693c9024cf10f1a", 
        "client": 3, 
        "user": 9, 
        "expires": "2014-12-12T20:18:55Z"
    }
},
{
    "pk": 176, 
    "model": "oauth2.accesstoken", 
    "fields": {
        "scope": 2, 
        "token": "aa17917a2274fde17c7a9894b178b161bf907eda", 
        "client": 3, 
        "user": 9, 
        "expires": "2014-12-12T20:19:21Z"
    }
},
{
    "pk": 177, 
    "model": "oauth2.accesstoken", 
    "fields": {
        "scope": 2, 
        "token": "7d02ad87cd373dff0d714e049895c194ff5d4db2", 
        "client": 3, 
        "user": 9, 
        "expires": "2014-12-12T22:16:28Z"
    }
},
{
    "pk": 178, 
    "model": "oauth2.accesstoken", 
    "fields": {
        "scope": 2, 
        "token": "1fa79efa754707df80601aa2b9447ea476c74de9", 
        "client": 3, 
        "user": 9, 
        "expires": "2014-12-12T23:09:50Z"
    }
},
{
    "pk": 179, 
    "model": "oauth2.accesstoken", 
    "fields": {
        "scope": 2, 
        "token": "23be546e134d80c723ab85c896e3ad0615878631", 
        "client": 3, 
        "user": 9, 
        "expires": "2014-12-12T23:15:33Z"
    }
},
{
    "pk": 180, 
    "model": "oauth2.accesstoken", 
    "fields": {
        "scope": 2, 
        "token": "dcc9a1546ef6a9caa3018a2a51b288d7dd0e6909", 
        "client": 6, 
        "user": 3, 
        "expires": "2014-12-13T05:19:15Z"
    }
},
{
    "pk": 181, 
    "model": "oauth2.accesstoken", 
    "fields": {
        "scope": 2, 
        "token": "20b41081a0ab3b4973d0cfdddb3432dec680f111", 
        "client": 6, 
        "user": 3, 
        "expires": "2014-12-13T18:08:13Z"
    }
},
{
    "pk": 182, 
    "model": "oauth2.accesstoken", 
    "fields": {
        "scope": 2, 
        "token": "c2fc186d65eb75f43dcb281999d1dc162939c69b", 
        "client": 3, 
        "user": 9, 
        "expires": "2014-12-13T18:08:15Z"
    }
},
{
    "pk": 183, 
    "model": "oauth2.accesstoken", 
    "fields": {
        "scope": 2, 
        "token": "f30480c0b4905d008af283395393678a4e3afee0", 
        "client": 3, 
        "user": 9, 
        "expires": "2014-12-13T18:10:47Z"
    }
},
{
    "pk": 184, 
    "model": "oauth2.accesstoken", 
    "fields": {
        "scope": 2, 
        "token": "46f334f4a869edc248b1ae24c0f8eb7bc9b9aa85", 
        "client": 3, 
        "user": 9, 
        "expires": "2014-12-13T18:26:39Z"
    }
},
{
    "pk": 185, 
    "model": "oauth2.accesstoken", 
    "fields": {
        "scope": 2, 
        "token": "6f868b062875d659f47138e21efa978bb9f3034e", 
        "client": 3, 
        "user": 9, 
        "expires": "2014-12-13T18:41:04Z"
    }
},
{
    "pk": 186, 
    "model": "oauth2.accesstoken", 
    "fields": {
        "scope": 2, 
        "token": "c61397a5a2d7b3b2cc730387a9de2740125330e3", 
        "client": 3, 
        "user": 9, 
        "expires": "2014-12-13T18:54:28Z"
    }
},
{
    "pk": 187, 
    "model": "oauth2.accesstoken", 
    "fields": {
        "scope": 2, 
        "token": "9d459050ae0fd87b20801b78bd9bced6823505da", 
        "client": 3, 
        "user": 9, 
        "expires": "2014-12-13T18:54:56Z"
    }
},
{
    "pk": 188, 
    "model": "oauth2.accesstoken", 
    "fields": {
        "scope": 2, 
        "token": "430bf44c7188dce2423873b34da699eba5d7beed", 
        "client": 3, 
        "user": 9, 
        "expires": "2014-12-13T18:56:13Z"
    }
},
{
    "pk": 189, 
    "model": "oauth2.accesstoken", 
    "fields": {
        "scope": 2, 
        "token": "6e581c7f809e923557290e3999e24661af44c7ed", 
        "client": 3, 
        "user": 9, 
        "expires": "2014-12-13T18:59:45Z"
    }
},
{
    "pk": 190, 
    "model": "oauth2.accesstoken", 
    "fields": {
        "scope": 2, 
        "token": "e3fe305936ed6eac2b4d62c67e1a6f7ca7e80425", 
        "client": 3, 
        "user": 9, 
        "expires": "2014-12-13T19:00:33Z"
    }
},
{
    "pk": 191, 
    "model": "oauth2.accesstoken", 
    "fields": {
        "scope": 2, 
        "token": "75d0cf7b22fcf49c71c2c3c581073371e915be99", 
        "client": 3, 
        "user": 9, 
        "expires": "2014-12-13T19:01:56Z"
    }
},
{
    "pk": 192, 
    "model": "oauth2.accesstoken", 
    "fields": {
        "scope": 2, 
        "token": "7307ea1d94bb8dfdf94de5c558d060ff5aea1147", 
        "client": 3, 
        "user": 9, 
        "expires": "2014-12-13T19:02:13Z"
    }
},
{
    "pk": 193, 
    "model": "oauth2.accesstoken", 
    "fields": {
        "scope": 2, 
        "token": "223a0120829633924d39f3c0bcf8790522382465", 
        "client": 3, 
        "user": 9, 
        "expires": "2014-12-13T19:02:48Z"
    }
},
{
    "pk": 194, 
    "model": "oauth2.accesstoken", 
    "fields": {
        "scope": 2, 
        "token": "10ba267f483ca03efb422befd820ad66ac7269d6", 
        "client": 3, 
        "user": 9, 
        "expires": "2014-12-13T19:15:39Z"
    }
},
{
    "pk": 195, 
    "model": "oauth2.accesstoken", 
    "fields": {
        "scope": 2, 
        "token": "3a9f590cf2ffdce4cf677bc47c6b46c8378c6f7b", 
        "client": 3, 
        "user": 9, 
        "expires": "2014-12-13T19:29:04Z"
    }
},
{
    "pk": 196, 
    "model": "oauth2.accesstoken", 
    "fields": {
        "scope": 2, 
        "token": "731d0a691f0d3f18e59d4cdf5749ef673f0b644d", 
        "client": 3, 
        "user": 9, 
        "expires": "2014-12-13T19:30:32Z"
    }
},
{
    "pk": 197, 
    "model": "oauth2.accesstoken", 
    "fields": {
        "scope": 2, 
        "token": "8904f1f9fff216fa323817b4d82edf0ea21e14a6", 
        "client": 3, 
        "user": 9, 
        "expires": "2014-12-13T20:27:22Z"
    }
},
{
    "pk": 198, 
    "model": "oauth2.accesstoken", 
    "fields": {
        "scope": 2, 
        "token": "99707c6e6133acc31c544889717bdff5cec744dc", 
        "client": 6, 
        "user": 3, 
        "expires": "2014-12-13T20:34:33Z"
    }
},
{
    "pk": 199, 
    "model": "oauth2.accesstoken", 
    "fields": {
        "scope": 2, 
        "token": "a262dabc5247cf4d8758fb9bc08c09ac7c91b2d5", 
        "client": 3, 
        "user": 9, 
        "expires": "2014-12-13T20:58:28Z"
    }
},
{
    "pk": 200, 
    "model": "oauth2.accesstoken", 
    "fields": {
        "scope": 2, 
        "token": "1e09f2840fc3d0ce52abf3f2c007160c587014f3", 
        "client": 3, 
        "user": 9, 
        "expires": "2014-12-13T20:58:29Z"
    }
},
{
    "pk": 201, 
    "model": "oauth2.accesstoken", 
    "fields": {
        "scope": 2, 
        "token": "630175dc3a46b689fc50886111b9cf72ac7a5e68", 
        "client": 3, 
        "user": 9, 
        "expires": "2014-12-13T20:58:51Z"
    }
},
{
    "pk": 202, 
    "model": "oauth2.accesstoken", 
    "fields": {
        "scope": 2, 
        "token": "8ee5a4897747ee47209892bce985167aa2ff722f", 
        "client": 3, 
        "user": 9, 
        "expires": "2014-12-13T21:01:30Z"
    }
},
{
    "pk": 203, 
    "model": "oauth2.accesstoken", 
    "fields": {
        "scope": 2, 
        "token": "ae6644cd7d47d9841112a212b2338a2cc3bb1e53", 
        "client": 3, 
        "user": 9, 
        "expires": "2014-12-13T21:05:20Z"
    }
},
{
    "pk": 204, 
    "model": "oauth2.accesstoken", 
    "fields": {
        "scope": 2, 
        "token": "7245e901aa95890012696139fc38582b460de567", 
        "client": 3, 
        "user": 9, 
        "expires": "2014-12-13T21:29:08Z"
    }
},
{
    "pk": 205, 
    "model": "oauth2.accesstoken", 
    "fields": {
        "scope": 2, 
        "token": "8800d8af393af4719ea02c4eb61b5f868cf3c8c3", 
        "client": 6, 
        "user": 3, 
        "expires": "2014-12-13T21:33:25Z"
    }
},
{
    "pk": 206, 
    "model": "oauth2.accesstoken", 
    "fields": {
        "scope": 2, 
        "token": "dbbaf9344f23df707f43cee9f344765ba41b396c", 
        "client": 6, 
        "user": 3, 
        "expires": "2014-12-13T21:34:47Z"
    }
},
{
    "pk": 207, 
    "model": "oauth2.accesstoken", 
    "fields": {
        "scope": 2, 
        "token": "e0d63978dce5c0c769af959039d0c32d3a62d20e", 
        "client": 6, 
        "user": 3, 
        "expires": "2014-12-13T21:46:50Z"
    }
},
{
    "pk": 208, 
    "model": "oauth2.accesstoken", 
    "fields": {
        "scope": 2, 
        "token": "9105bd0cd8b92f9ce5366a1be35b3329e1c84e6d", 
        "client": 6, 
        "user": 3, 
        "expires": "2014-12-14T03:32:15Z"
    }
},
{
    "pk": 209, 
    "model": "oauth2.accesstoken", 
    "fields": {
        "scope": 2, 
        "token": "ad1493abb0e019fb1837a5c0a6ef53c6d1019b93", 
        "client": 6, 
        "user": 3, 
        "expires": "2014-12-14T03:32:15Z"
    }
},
{
    "pk": 210, 
    "model": "oauth2.accesstoken", 
    "fields": {
        "scope": 2, 
        "token": "8c343e89f3a4641ef58129582b0acf0e2541fe8b", 
        "client": 5, 
        "user": 10, 
        "expires": "2014-12-14T17:09:43Z"
    }
},
{
    "pk": 211, 
    "model": "oauth2.accesstoken", 
    "fields": {
        "scope": 2, 
        "token": "e54792fe97deb05c3433c3b64d6ac2256f265e45", 
        "client": 4, 
        "user": 2, 
        "expires": "2014-12-14T17:10:13Z"
    }
},
{
    "pk": 212, 
    "model": "oauth2.accesstoken", 
    "fields": {
        "scope": 2, 
        "token": "0ff4ecc55e74f3fabf8db0a31d16b3f3a3f5b295", 
        "client": 3, 
        "user": 9, 
        "expires": "2014-12-14T20:37:38Z"
    }
},
{
    "pk": 213, 
    "model": "oauth2.accesstoken", 
    "fields": {
        "scope": 2, 
        "token": "dc197eb9d379360927f8103c2fe1e1334e955e73", 
        "client": 3, 
        "user": 9, 
        "expires": "2014-12-14T20:48:39Z"
    }
},
{
    "pk": 214, 
    "model": "oauth2.accesstoken", 
    "fields": {
        "scope": 2, 
        "token": "a4477dd7b21f2244555a3de80b2d9ce2cdcd9650", 
        "client": 3, 
        "user": 9, 
        "expires": "2014-12-14T22:27:00Z"
    }
},
{
    "pk": 215, 
    "model": "oauth2.accesstoken", 
    "fields": {
        "scope": 2, 
        "token": "15b1e94a7b5bab2c083b2a03f74851713bda6429", 
        "client": 3, 
        "user": 9, 
        "expires": "2014-12-14T22:27:01Z"
    }
},
{
    "pk": 216, 
    "model": "oauth2.accesstoken", 
    "fields": {
        "scope": 2, 
        "token": "046372604953dc97e4dca35a204a015b5cf7e365", 
        "client": 3, 
        "user": 9, 
        "expires": "2014-12-14T22:37:59Z"
    }
},
{
    "pk": 217, 
    "model": "oauth2.accesstoken", 
    "fields": {
        "scope": 2, 
        "token": "a3a296a3340ec8efc67a46d462e1ccf8488773f1", 
        "client": 3, 
        "user": 9, 
        "expires": "2014-12-14T22:39:25Z"
    }
},
{
    "pk": 218, 
    "model": "oauth2.accesstoken", 
    "fields": {
        "scope": 2, 
        "token": "8c10ebe8ab0a93bb0977546f2aed388dfa96578f", 
        "client": 6, 
        "user": 3, 
        "expires": "2014-12-14T22:39:55Z"
    }
},
{
    "pk": 219, 
    "model": "oauth2.accesstoken", 
    "fields": {
        "scope": 2, 
        "token": "48446184efdfb56e602bf011b6c5d5f2b449244d", 
        "client": 6, 
        "user": 3, 
        "expires": "2014-12-14T22:40:43Z"
    }
},
{
    "pk": 220, 
    "model": "oauth2.accesstoken", 
    "fields": {
        "scope": 2, 
        "token": "e4553c8f61b04659eacfa31c0c1d67d957b69cfa", 
        "client": 3, 
        "user": 9, 
        "expires": "2014-12-14T22:44:58Z"
    }
},
{
    "pk": 221, 
    "model": "oauth2.accesstoken", 
    "fields": {
        "scope": 2, 
        "token": "2a6fbebfc749063e973843d1499cca13f91b6da8", 
        "client": 6, 
        "user": 3, 
        "expires": "2014-12-14T22:46:16Z"
    }
},
{
    "pk": 222, 
    "model": "oauth2.accesstoken", 
    "fields": {
        "scope": 2, 
        "token": "2944babb23fbda021d5609b7be16f37db7d821d2", 
        "client": 6, 
        "user": 3, 
        "expires": "2014-12-14T22:49:04Z"
    }
},
{
    "pk": 223, 
    "model": "oauth2.accesstoken", 
    "fields": {
        "scope": 2, 
        "token": "65ac4ebe9448a0c29861f530d8bd68d7fb02f30e", 
        "client": 6, 
        "user": 3, 
        "expires": "2014-12-14T22:50:21Z"
    }
},
{
    "pk": 224, 
    "model": "oauth2.accesstoken", 
    "fields": {
        "scope": 2, 
        "token": "eac98ba3d203f4539e1ead948faa22218238e937", 
        "client": 6, 
        "user": 3, 
        "expires": "2014-12-14T22:54:13Z"
    }
},
{
    "pk": 225, 
    "model": "oauth2.accesstoken", 
    "fields": {
        "scope": 2, 
        "token": "f19bdbaaab31d6cf96e8e5774284b942a305d51a", 
        "client": 6, 
        "user": 3, 
        "expires": "2014-12-14T22:55:20Z"
    }
},
{
    "pk": 226, 
    "model": "oauth2.accesstoken", 
    "fields": {
        "scope": 2, 
        "token": "d36bf214cfa85d08684afc00b095739a8b83aa12", 
        "client": 6, 
        "user": 3, 
        "expires": "2014-12-14T22:56:07Z"
    }
},
{
    "pk": 227, 
    "model": "oauth2.accesstoken", 
    "fields": {
        "scope": 2, 
        "token": "dad34f084f5ecf07b7c0f5b0520443ec6feac8ee", 
        "client": 6, 
        "user": 3, 
        "expires": "2014-12-14T22:57:23Z"
    }
},
{
    "pk": 228, 
    "model": "oauth2.accesstoken", 
    "fields": {
        "scope": 2, 
        "token": "94a1d966a75c7fd2f4a1840541e398bbaeb107b4", 
        "client": 6, 
        "user": 3, 
        "expires": "2014-12-14T22:58:53Z"
    }
},
{
    "pk": 229, 
    "model": "oauth2.accesstoken", 
    "fields": {
        "scope": 2, 
        "token": "e54515e80d77e9590f4b16daa53cbad44b1b3ca8", 
        "client": 6, 
        "user": 3, 
        "expires": "2014-12-14T22:59:23Z"
    }
},
{
    "pk": 230, 
    "model": "oauth2.accesstoken", 
    "fields": {
        "scope": 2, 
        "token": "dea9ebadcc0bc2a35acefe6828752243c2886978", 
        "client": 6, 
        "user": 3, 
        "expires": "2014-12-14T23:05:38Z"
    }
},
{
    "pk": 231, 
    "model": "oauth2.accesstoken", 
    "fields": {
        "scope": 2, 
        "token": "23e3d6201eaca46c2a5ab0980f3da9ac65166b11", 
        "client": 3, 
        "user": 9, 
        "expires": "2014-12-14T23:06:47Z"
    }
},
{
    "pk": 232, 
    "model": "oauth2.accesstoken", 
    "fields": {
        "scope": 2, 
        "token": "caafc409dea78f8dc8548903fbd4a6f79ddba898", 
        "client": 6, 
        "user": 3, 
        "expires": "2014-12-14T23:51:32Z"
    }
},
{
    "pk": 233, 
    "model": "oauth2.accesstoken", 
    "fields": {
        "scope": 2, 
        "token": "5d7980ae8b2d9208cc68eda114fa52eb14cf0a4a", 
        "client": 6, 
        "user": 3, 
        "expires": "2014-12-15T15:09:10Z"
    }
},
{
    "pk": 234, 
    "model": "oauth2.accesstoken", 
    "fields": {
        "scope": 2, 
        "token": "c67df8e078129a56d3ebc33041a7848046bc1987", 
        "client": 6, 
        "user": 3, 
        "expires": "2014-12-16T20:54:17Z"
    }
},
{
    "pk": 235, 
    "model": "oauth2.accesstoken", 
    "fields": {
        "scope": 2, 
        "token": "808ab426250592ab3f993c9c42a274ca2ba438cb", 
        "client": 6, 
        "user": 3, 
        "expires": "2014-12-16T22:42:36Z"
    }
},
{
    "pk": 236, 
    "model": "oauth2.accesstoken", 
    "fields": {
        "scope": 2, 
        "token": "198bbb50d0c30d66e7c9400267cc10bad717d546", 
        "client": 6, 
        "user": 3, 
        "expires": "2014-12-16T22:42:37Z"
    }
},
{
    "pk": 237, 
    "model": "oauth2.accesstoken", 
    "fields": {
        "scope": 2, 
        "token": "b7f3fdef467b9b759962d8c417a4019923d47c79", 
        "client": 6, 
        "user": 3, 
        "expires": "2014-12-16T22:45:52Z"
    }
},
{
    "pk": 238, 
    "model": "oauth2.accesstoken", 
    "fields": {
        "scope": 2, 
        "token": "e7691b27df7ea1d87a5bce997371d65facaff9aa", 
        "client": 3, 
        "user": 9, 
        "expires": "2014-12-17T17:11:50Z"
    }
},
{
    "pk": 239, 
    "model": "oauth2.accesstoken", 
    "fields": {
        "scope": 2, 
        "token": "ca7d023ba9dc4ac68c47da7ba30aeeb60e634720", 
        "client": 3, 
        "user": 9, 
        "expires": "2014-12-17T17:11:51Z"
    }
},
{
    "pk": 240, 
    "model": "oauth2.accesstoken", 
    "fields": {
        "scope": 2, 
        "token": "60c13ca28f7aaf0c8fe4d410da0c542f797b0015", 
        "client": 6, 
        "user": 3, 
        "expires": "2014-12-17T17:12:14Z"
    }
},
{
    "pk": 241, 
    "model": "oauth2.accesstoken", 
    "fields": {
        "scope": 2, 
        "token": "dfb28377aa13b92a5c81a86013c75f1456ad2a45", 
        "client": 6, 
        "user": 3, 
        "expires": "2014-12-17T17:17:16Z"
    }
},
{
    "pk": 242, 
    "model": "oauth2.accesstoken", 
    "fields": {
        "scope": 2, 
        "token": "eb4faa63fe8d0867931e64f766dde197f20ec737", 
        "client": 6, 
        "user": 3, 
        "expires": "2014-12-17T17:19:03Z"
    }
},
{
    "pk": 243, 
    "model": "oauth2.accesstoken", 
    "fields": {
        "scope": 2, 
        "token": "53665d36e9e78484a7e874e7d8a82f7d00a64476", 
        "client": 6, 
        "user": 3, 
        "expires": "2014-12-17T17:21:46Z"
    }
},
{
    "pk": 244, 
    "model": "oauth2.accesstoken", 
    "fields": {
        "scope": 2, 
        "token": "b4c680894a6b3ab98d3fa36cf6378c66073a526f", 
        "client": 6, 
        "user": 3, 
        "expires": "2014-12-17T17:24:19Z"
    }
},
{
    "pk": 245, 
    "model": "oauth2.accesstoken", 
    "fields": {
        "scope": 2, 
        "token": "f3ac41cc23e480edec8f8076c11e2ec40272f7cf", 
        "client": 6, 
        "user": 3, 
        "expires": "2014-12-17T17:27:02Z"
    }
},
{
    "pk": 246, 
    "model": "oauth2.accesstoken", 
    "fields": {
        "scope": 2, 
        "token": "2328b5616b25730cdfae7cb5e99d3d47713a3c68", 
        "client": 3, 
        "user": 9, 
        "expires": "2014-12-17T17:41:30Z"
    }
},
{
    "pk": 247, 
    "model": "oauth2.accesstoken", 
    "fields": {
        "scope": 2, 
        "token": "f3722a4ef076aea944455ad9d5b02378d6fdd2a0", 
        "client": 6, 
        "user": 3, 
        "expires": "2014-12-17T17:41:49Z"
    }
},
{
    "pk": 248, 
    "model": "oauth2.accesstoken", 
    "fields": {
        "scope": 2, 
        "token": "dc97f9d72809f96065ca3b2e8b60a7bb417a8cdf", 
        "client": 5, 
        "user": 10, 
        "expires": "2014-12-17T17:42:04Z"
    }
},
{
    "pk": 249, 
    "model": "oauth2.accesstoken", 
    "fields": {
        "scope": 2, 
        "token": "a46db1de9810ce7b2e7d1a1942721d60adecee60", 
        "client": 3, 
        "user": 9, 
        "expires": "2014-12-17T17:42:29Z"
    }
},
{
    "pk": 250, 
    "model": "oauth2.accesstoken", 
    "fields": {
        "scope": 2, 
        "token": "086fdf0314cf6e41195db775fb5a54976e1cddb5", 
        "client": 3, 
        "user": 9, 
        "expires": "2014-12-17T18:14:44Z"
    }
},
{
    "pk": 251, 
    "model": "oauth2.accesstoken", 
    "fields": {
        "scope": 2, 
        "token": "bb5f8a30d2e971c4b8b7309368634d0d0189db1b", 
        "client": 6, 
        "user": 3, 
        "expires": "2014-12-17T18:15:23Z"
    }
},
{
    "pk": 252, 
    "model": "oauth2.accesstoken", 
    "fields": {
        "scope": 2, 
        "token": "a18e2aa5c56a8fac565cfcf2fcd95ee06ddd8219", 
        "client": 6, 
        "user": 3, 
        "expires": "2014-12-17T18:23:19Z"
    }
},
{
    "pk": 253, 
    "model": "oauth2.accesstoken", 
    "fields": {
        "scope": 2, 
        "token": "3b92c4eca79c3cc9bcbb98d561b3c7770600c0c4", 
        "client": 3, 
        "user": 9, 
        "expires": "2014-12-17T21:30:09Z"
    }
},
{
    "pk": 254, 
    "model": "oauth2.accesstoken", 
    "fields": {
        "scope": 2, 
        "token": "a4b79ea07550d58583fd809d35360cc085689102", 
        "client": 6, 
        "user": 3, 
        "expires": "2014-12-17T21:30:17Z"
    }
},
{
    "pk": 255, 
    "model": "oauth2.accesstoken", 
    "fields": {
        "scope": 2, 
        "token": "a962516424cfb68f9af22590d2bc5cd7d2f81743", 
        "client": 6, 
        "user": 3, 
        "expires": "2014-12-17T21:33:47Z"
    }
},
{
    "pk": 256, 
    "model": "oauth2.accesstoken", 
    "fields": {
        "scope": 2, 
        "token": "f35074faab14a390bbe397ff1cbd4d03cccba793", 
        "client": 3, 
        "user": 9, 
        "expires": "2014-12-17T21:37:38Z"
    }
},
{
    "pk": 257, 
    "model": "oauth2.accesstoken", 
    "fields": {
        "scope": 2, 
        "token": "f1f2ec102121cdac555b73967a07edb484e8ae59", 
        "client": 6, 
        "user": 3, 
        "expires": "2014-12-17T21:40:09Z"
    }
},
{
    "pk": 258, 
    "model": "oauth2.accesstoken", 
    "fields": {
        "scope": 2, 
        "token": "92044baee580a0075ce8dc6be88f806da867cd50", 
        "client": 6, 
        "user": 3, 
        "expires": "2014-12-17T22:00:06Z"
    }
},
{
    "pk": 259, 
    "model": "oauth2.accesstoken", 
    "fields": {
        "scope": 2, 
        "token": "168da9f667cd88b87448194ec2dc491758dce029", 
        "client": 6, 
        "user": 3, 
        "expires": "2014-12-17T22:00:54Z"
    }
},
{
    "pk": 260, 
    "model": "oauth2.accesstoken", 
    "fields": {
        "scope": 2, 
        "token": "861263122a2010a5e612e8d19dabc832708cb7af", 
        "client": 6, 
        "user": 3, 
        "expires": "2014-12-17T22:36:38Z"
    }
},
{
    "pk": 261, 
    "model": "oauth2.accesstoken", 
    "fields": {
        "scope": 2, 
        "token": "4dfff1b2c0eb615c41a8ac27443531969b6e4e6d", 
        "client": 6, 
        "user": 3, 
        "expires": "2014-12-17T22:36:41Z"
    }
},
{
    "pk": 262, 
    "model": "oauth2.accesstoken", 
    "fields": {
        "scope": 2, 
        "token": "3aee0ba9f63abb81f5b562b386e0bde100c0ac85", 
        "client": 6, 
        "user": 3, 
        "expires": "2014-12-17T23:19:27Z"
    }
},
{
    "pk": 263, 
    "model": "oauth2.accesstoken", 
    "fields": {
        "scope": 2, 
        "token": "a6a22d6610602d47934bc600038f89f912a7b526", 
        "client": 3, 
        "user": 9, 
        "expires": "2014-12-17T23:20:33Z"
    }
},
{
    "pk": 264, 
    "model": "oauth2.accesstoken", 
    "fields": {
        "scope": 2, 
        "token": "407095038593f1511a49e97f59663b66b218e1c0", 
        "client": 6, 
        "user": 3, 
        "expires": "2014-12-17T23:24:55Z"
    }
},
{
    "pk": 265, 
    "model": "oauth2.accesstoken", 
    "fields": {
        "scope": 2, 
        "token": "cafc38d91124b3e0d43c196db7e5441598051def", 
        "client": 3, 
        "user": 9, 
        "expires": "2014-12-17T23:29:25Z"
    }
},
{
    "pk": 266, 
    "model": "oauth2.accesstoken", 
    "fields": {
        "scope": 2, 
        "token": "88329eaed682aa54381fe5f2614b3104ada9bf79", 
        "client": 6, 
        "user": 3, 
        "expires": "2014-12-17T23:29:58Z"
    }
},
{
    "pk": 267, 
    "model": "oauth2.accesstoken", 
    "fields": {
        "scope": 2, 
        "token": "3abd887cfdd10e442703379a2abe8cfe081a3cec", 
        "client": 5, 
        "user": 10, 
        "expires": "2014-12-17T23:30:13Z"
    }
},
{
    "pk": 268, 
    "model": "oauth2.accesstoken", 
    "fields": {
        "scope": 2, 
        "token": "79fe5df8a50b06450981839f7177275f469c211b", 
        "client": 6, 
        "user": 3, 
        "expires": "2014-12-17T23:38:03Z"
    }
},
{
    "pk": 269, 
    "model": "oauth2.accesstoken", 
    "fields": {
        "scope": 2, 
        "token": "32f23e8ba6acd6692c86a5a22173755789752358", 
        "client": 5, 
        "user": 10, 
        "expires": "2014-12-17T23:38:52Z"
    }
},
{
    "pk": 270, 
    "model": "oauth2.accesstoken", 
    "fields": {
        "scope": 2, 
        "token": "a574e847b21a1b5e1d015481f30632d2e448c232", 
        "client": 3, 
        "user": 9, 
        "expires": "2014-12-18T00:03:23Z"
    }
},
{
    "pk": 271, 
    "model": "oauth2.accesstoken", 
    "fields": {
        "scope": 2, 
        "token": "297f8e0cf4b409241cc2255c2c121c9aff41e53e", 
        "client": 6, 
        "user": 3, 
        "expires": "2014-12-18T00:03:51Z"
    }
},
{
    "pk": 1, 
    "model": "trac.tag", 
    "fields": {
        "id_str": "1001", 
        "user": 2
    }
},
{
    "pk": 2, 
    "model": "trac.tag", 
    "fields": {
        "id_str": "1002", 
        "user": 10
    }
},
{
    "pk": 1, 
    "model": "trac.reader", 
    "fields": {
        "owner": 3, 
        "name": "Alien", 
        "id_str": "R001"
    }
},
{
    "pk": 1, 
    "model": "trac.tagtime", 
    "fields": {
        "tag": 1, 
        "reader": 1, 
        "time": "2014-11-13T02:16:31Z"
    }
},
{
    "pk": 2, 
    "model": "trac.tagtime", 
    "fields": {
        "tag": 1, 
        "reader": 1, 
        "time": "2014-11-13T02:18:21Z"
    }
},
{
    "pk": 3, 
    "model": "trac.tagtime", 
    "fields": {
        "tag": 2, 
        "reader": 1, 
        "time": "2014-11-13T02:19:15Z"
    }
},
{
    "pk": 4, 
    "model": "trac.tagtime", 
    "fields": {
        "tag": 2, 
        "reader": 1, 
        "time": "2014-11-13T02:21:36Z"
    }
},
{
    "pk": 5, 
    "model": "trac.tagtime", 
    "fields": {
        "tag": 2, 
        "reader": 1, 
        "time": "2014-11-13T02:22:33Z"
    }
},
{
    "pk": 6, 
    "model": "trac.tagtime", 
    "fields": {
        "tag": 1, 
        "reader": 1, 
        "time": "2014-11-13T02:24:05Z"
    }
},
{
    "pk": 7, 
    "model": "trac.tagtime", 
    "fields": {
        "tag": 1, 
        "reader": 1, 
        "time": "2014-11-13T02:24:39Z"
    }
},
{
    "pk": 1, 
    "model": "trac.timingsession", 
    "fields": {
        "name": "Workout 4x400", 
        "readers": [], 
        "start_time": "2014-10-10T12:00:00Z", 
        "tagtimes": [], 
        "manager": 3, 
        "stop_time": "2014-10-11T12:00:00Z"
    }
},
{
    "pk": 2, 
    "model": "trac.timingsession", 
    "fields": {
        "name": "Workout 4x400", 
        "readers": [], 
        "start_time": "2014-10-10T12:00:00Z", 
        "tagtimes": [], 
        "manager": 2, 
        "stop_time": "2014-10-11T12:00:00Z"
    }
},
{
    "pk": 3, 
    "model": "trac.timingsession", 
    "fields": {
        "name": "workout 3", 
        "readers": [], 
        "start_time": "2014-10-10T12:00:00Z", 
        "tagtimes": [], 
        "manager": 3, 
        "stop_time": "2014-10-11T12:00:00Z"
    }
},
{
    "pk": 4, 
    "model": "trac.timingsession", 
    "fields": {
        "name": "workout 4", 
        "readers": [], 
        "start_time": "2014-10-10T12:00:00Z", 
        "tagtimes": [], 
        "manager": 3, 
        "stop_time": "2014-10-11T12:00:00Z"
    }
},
{
    "pk": 5, 
    "model": "trac.timingsession", 
    "fields": {
        "name": "Workout1", 
        "readers": [], 
        "start_time": "2014-10-31T12:00:00Z", 
        "tagtimes": [], 
        "manager": 3, 
        "stop_time": "2014-11-02T12:00:00Z"
    }
},
{
    "pk": 6, 
    "model": "trac.timingsession", 
    "fields": {
        "name": "workout 1", 
        "readers": [], 
        "start_time": "2014-10-10T12:00:00Z", 
        "tagtimes": [], 
        "manager": 3, 
        "stop_time": "2014-10-11T12:00:00Z"
    }
},
{
    "pk": 7, 
    "model": "trac.timingsession", 
    "fields": {
        "name": "workout", 
        "readers": [], 
        "start_time": "2014-10-10T12:00:00Z", 
        "tagtimes": [], 
        "manager": 4, 
        "stop_time": "2014-10-11T12:00:00Z"
    }
},
{
    "pk": 8, 
    "model": "trac.timingsession", 
    "fields": {
        "name": "Workout1", 
        "readers": [], 
        "start_time": "2014-11-07T12:00:00Z", 
        "tagtimes": [], 
        "manager": 9, 
        "stop_time": "2014-11-09T12:00:00Z"
    }
},
{
    "pk": 9, 
    "model": "trac.timingsession", 
    "fields": {
        "name": "Workout1", 
        "readers": [
            1
        ], 
        "start_time": "2014-11-13T02:11:09Z", 
        "tagtimes": [
            3, 
            4, 
            5, 
            6, 
            7
        ], 
        "manager": 3, 
        "stop_time": "2015-11-13T02:11:45Z"
    }
},
{
    "pk": 10, 
    "model": "trac.timingsession", 
    "fields": {
        "name": "Test", 
        "readers": [], 
        "start_time": "2014-11-11T12:00:00Z", 
        "tagtimes": [], 
        "manager": 9, 
        "stop_time": "2014-11-12T12:00:00Z"
    }
},
{
    "pk": 11, 
    "model": "trac.timingsession", 
    "fields": {
        "name": "test", 
        "readers": [], 
        "start_time": "2014-11-17T12:00:00Z", 
        "tagtimes": [], 
        "manager": 3, 
        "stop_time": "2014-11-18T12:00:00Z"
    }
},
{
    "pk": 1, 
    "model": "trac.athleteprofile", 
    "fields": {
        "user": 7
    }
},
{
    "pk": 2, 
    "model": "trac.athleteprofile", 
    "fields": {
        "user": 2
    }
},
{
    "pk": 3, 
    "model": "trac.athleteprofile", 
    "fields": {
        "user": 10
    }
},
{
    "pk": 4, 
    "model": "trac.athleteprofile", 
    "fields": {
        "user": 11
    }
},
{
    "pk": 1, 
    "model": "trac.coachprofile", 
    "fields": {
        "organization": "", 
        "athletes": [], 
        "user": 8
    }
},
{
    "pk": 2, 
    "model": "trac.coachprofile", 
    "fields": {
        "organization": "", 
        "athletes": [], 
        "user": 9
    }
},
{
    "pk": 3, 
    "model": "trac.coachprofile", 
    "fields": {
        "organization": "", 
        "athletes": [], 
        "user": 3
    }
}
]
